Bit_Index,Corr_f0,Corr_f1,Decision
0,-10.22766,2.17603,1
1,-3.13122,-5.75134,0
2,-12.17668,-1.99467,1
3,22.98249,5.62483,0
4,-0.00783,-0.01566,0
5,0.42390,0.50749,1
6,-9.47971,-3.07498,1
7,-4.74145,-3.71260,1
8,0.00783,0.01566,1
9,0.00783,0.01566,1
10,7.90766,3.14350,0
11,8.69841,4.33252,0
12,-0.01423,-0.02829,0
13,-3.65871,-2.46062,1
14,-0.94186,-0.67917,1
15,-2.37752,-0.89489,1
16,8.39235,3.16692,0
17,-0.49419,-0.62720,0
18,-4.23898,-2.25192,1
19,-2.23739,-1.32954,1
20,0.28587,0.21952,0
21,5.86201,2.70438,0
22,0.87902,0.58381,0
23,-3.78308,-1.60249,1
24,-4.13011,-1.87777,1
25,-0.63994,-0.28366,1
26,3.03385,1.15101,0
27,3.39887,1.47072,0
28,1.71361,0.72948,0
29,0.59463,0.31211,0
30,-1.32270,-0.58533,1
31,0.43779,-0.07492,0
32,0.19194,0.00615,0
33,0.42310,0.21650,0
34,-1.30067,-0.57081,1
35,-2.42588,-1.04115,1
36,-1.42472,-0.58985,1
37,1.94189,0.71711,0
38,2.17946,0.91222,0
39,0.92296,0.40594,0
40,-1.17296,-0.60985,1
41,-0.58605,-0.27412,1
42,0.00679,0.03520,1
43,0.66378,0.29542,0
44,-0.24912,-0.16347,1
45,-0.93960,-0.37047,1
46,-0.69111,-0.27811,1
47,0.67842,0.39157,0
48,1.32193,0.54936,0
49,0.51156,0.26399,0
50,-0.56994,-0.24198,1
51,-1.18471,-0.58269,1
52,-0.30943,-0.16633,1
53,0.54407,0.28192,0
54,0.71384,0.32153,0
55,-0.02257,0.05864,1
56,-0.12257,-0.08822,1
57,-0.01518,0.05958,1
58,0.36427,0.17901,0
59,-0.09052,-0.09577,0
60,-0.15847,-0.07863,1
61,-0.58138,-0.24987,1
62,-0.43616,-0.25267,1
63,-0.24839,-0.07265,1
64,0.10140,0.07188,0
65,0.24942,0.18482,0
66,0.16426,0.12401,0
67,-0.09427,-0.09698,0
68,-0.09947,-0.02307,1
69,0.11286,0.05719,0
70,0.37460,0.19340,0
71,0.19605,0.11449,0
72,0.05874,0.06021,1
73,-0.16162,-0.05302,1
74,0.03667,-0.00137,0
75,-0.11211,-0.07607,1
76,-0.21837,-0.09381,1
77,-0.36738,-0.16065,1
78,-0.26689,-0.11935,1
79,-0.32904,-0.12781,1
80,0.83948,0.49330,0
81,0.07832,0.03104,0
82,-0.10488,-0.05437,1
83,0.09128,0.01584,0
84,-0.04473,-0.00769,1
85,0.12410,0.04224,0
86,-0.07287,-0.03543,1
87,0.16769,0.06795,0
88,-0.02857,0.01068,1
89,0.05671,0.00604,0
90,-0.15162,-0.07411,1
91,-0.01677,-0.00147,1
92,-0.02037,0.01099,1
93,0.22711,0.12367,0
94,-0.07491,-0.00453,1
95,0.03273,0.00878,0
96,-0.11466,-0.03208,1
97,0.13241,0.06801,0
98,-0.03880,0.00033,1
99,0.06019,0.02608,0
100,-0.25979,-0.11136,1
101,0.16346,0.06263,0
102,0.09780,0.04402,0
103,0.26659,0.09622,0
104,-0.14365,-0.06194,1
105,0.04636,0.02553,0
106,-0.12406,-0.06014,1
107,0.22418,0.08564,0
108,-0.20123,-0.07032,1
109,-0.07858,0.03004,1
110,0.08624,0.03773,0
111,-0.01441,-0.00586,1
112,-0.03736,-0.00935,1
113,-0.24196,-0.08572,1
114,0.15396,0.09596,0
115,0.00195,0.04657,1
116,0.09588,0.04469,0
117,-0.24222,-0.08023,1
118,-0.05549,-0.02509,1
119,-0.10812,-0.05307,1
120,0.11921,0.05194,0
121,-0.09561,-0.06913,1
122,-0.01519,-0.01638,0
123,0.03440,0.02282,0
124,0.09848,0.08608,0
125,0.10008,0.04673,0
126,-0.09315,-0.05061,1
127,-0.08121,-0.02155,1
128,-0.08042,-0.01663,1
129,0.10499,0.06350,0
130,-0.12731,-0.02851,1
131,0.08959,0.05177,0
132,-0.02661,-0.00061,1
133,0.07312,0.05852,0
134,0.05659,0.03667,0
135,0.11002,0.02916,0
136,-0.16759,-0.04848,1
137,-0.12313,-0.03886,1
138,-0.09046,-0.01418,1
139,0.14202,0.05592,0
140,0.13324,0.06972,0
141,-0.02587,-0.02356,1
142,-0.09186,-0.04702,1
143,0.00259,-0.00190,0
144,0.08632,0.04955,0
145,-0.00554,0.02315,1
146,-0.16126,-0.08658,1
147,-0.07762,-0.04194,1
148,-0.00412,0.03181,1
149,0.28352,0.14558,0
150,-0.31455,0.02245,1
151,-0.03286,-0.01364,1
152,-0.17436,-0.07791,1
153,0.09045,0.01491,0
154,0.50540,-0.00770,0
155,0.02497,-0.01601,0
156,-0.24008,-0.11414,1
157,0.04419,0.01246,0
158,0.08389,0.03632,0
159,0.08176,0.03673,0
160,-0.12684,-0.06287,1
161,-0.03188,-0.01310,1
162,-0.01182,0.00615,1
163,0.15524,0.08198,0
164,-0.00615,-0.01330,0
165,0.01192,0.01009,0
166,-0.11671,-0.04522,1
167,0.19490,0.08483,0
168,-0.05182,-0.00440,1
169,0.05595,0.02766,0
170,-0.19924,-0.08677,1
171,0.09649,0.01932,0
172,-0.02285,0.00230,1
173,0.07788,0.01160,0
174,-0.05600,-0.04917,1
175,0.03863,0.02580,0
176,-0.09193,-0.03715,1
177,0.21552,0.09665,0
178,-0.14697,-0.01263,1
179,0.03859,0.00908,0
180,-0.17280,-0.08392,1
181,0.17653,0.05687,0
182,-0.05189,-0.02492,1
183,0.10505,0.03949,0
184,-0.16570,-0.05717,1
185,0.09002,0.02255,0
186,-0.01530,0.00705,1
187,0.19296,0.06929,0
188,-0.10352,-0.02777,1
189,-0.08330,-0.01169,1
190,-0.02122,-0.01641,1
191,0.09271,0.03243,0
192,0.08237,0.04960,0
193,-0.02019,-0.02170,0
194,-0.11556,-0.04792,1
195,-0.02322,-0.02218,1
196,0.04390,0.01513,0
197,-0.08386,-0.01234,1
198,0.01935,0.00901,0
199,-0.14834,-0.05644,1
200,0.08857,0.02582,0
201,0.05297,0.03044,0
202,0.08678,0.02167,0
203,-0.07955,-0.03039,1
204,0.02866,0.00231,0
205,0.04764,0.03252,0
206,0.00307,0.02166,1
207,-0.01799,-0.01085,1
208,-0.06025,-0.00529,1
209,0.03156,0.00052,0
210,0.05492,0.05359,0
211,0.08462,0.04040,0
212,-0.10382,-0.04159,1
213,-0.03275,-0.03648,0
214,-0.02938,-0.02310,1
215,0.09128,0.02405,0
216,0.05177,0.02831,0
217,-0.03705,-0.03202,1
218,-0.08174,-0.04891,1
219,0.01668,-0.00670,0
220,0.09828,0.03657,0
221,-0.07076,-0.03949,1
222,0.05145,-0.00396,0
223,-0.18673,-0.05547,1
224,0.10338,0.04475,0
225,-0.01110,0.00180,1
226,0.09010,0.04276,0
227,-0.28168,-0.13094,1
228,0.08761,0.01929,0
229,-0.11951,-0.05928,1
230,0.27622,0.08804,0
231,-0.13970,-0.03871,1
232,0.03681,0.02879,0
233,-0.14719,-0.05718,1
234,0.12810,0.05714,0
235,-0.13023,-0.02980,1
236,0.10553,0.05280,0
237,-0.16686,-0.05263,1
238,0.02990,0.00516,0
239,-0.00824,-0.00090,1
240,0.16518,0.05235,0
241,-0.09833,-0.02149,1
242,0.06320,0.01354,0
243,-0.06241,-0.01099,1
244,0.07411,0.04112,0
245,0.05133,0.03523,0
246,-0.00684,0.01453,1
247,-0.09090,-0.07216,1
248,0.09913,0.05190,0
249,0.00489,0.03708,1
250,0.04615,0.02973,0
251,-0.08177,-0.03986,1
252,0.01161,0.01578,1
253,-0.00659,0.01680,1
254,0.10840,0.06394,0
255,-0.05406,-0.02904,1
256,-0.05118,-0.02684,1
257,-0.01382,-0.01481,0
258,0.07940,0.06099,0
259,-0.01888,0.00091,1
260,0.00473,-0.00500,0
261,-0.09394,-0.03900,1
262,0.00219,-0.00818,0
263,0.14310,0.07750,0
264,0.04069,0.00108,0
265,-0.03132,-0.02757,1
266,-0.04383,-0.01170,1
267,0.01894,0.00086,0
268,0.10803,0.06059,0
269,0.00303,0.01741,1
270,-0.12149,-0.06574,1
271,-0.06098,0.00078,1
272,0.05842,0.01511,0
273,0.08887,0.06165,0
274,0.03287,0.01949,0
275,-0.16799,-0.05240,1
276,-0.02882,-0.02908,0
277,0.03079,0.02513,0
278,0.07447,0.06158,0
279,-0.08641,-0.03860,1
280,-0.03519,0.00745,1
281,-0.02523,0.02349,1
282,0.07512,0.04044,0
283,0.02588,0.02062,0
284,-0.10140,-0.04251,1
285,-0.08381,-0.04470,1
286,0.07249,0.01817,0
287,0.05405,0.06031,1
288,0.08837,0.02340,0
289,-0.06916,-0.04451,1
290,-0.08272,-0.01903,1
291,0.15636,0.08969,0
292,0.04809,0.02616,0
293,0.07021,0.02778,0
294,-0.22577,-0.06598,1
295,0.04900,0.00399,0
296,0.00215,0.01849,1
297,0.19537,0.09603,0
298,-0.15042,-0.05321,1
299,-0.08485,-0.05726,1
300,-0.07600,-0.02323,1
301,0.16599,0.09690,0
302,0.03063,0.02978,0
303,-0.02884,-0.01674,1
304,-0.09779,-0.05815,1
305,-0.02446,0.00168,1
306,0.14728,0.08537,0
307,-0.04955,-0.02272,1
308,-0.03637,-0.02500,1
309,-0.18074,-0.08769,1
310,0.19671,0.06478,0
311,0.03775,-0.00573,0
312,0.13528,0.06091,0
313,-0.25901,-0.08660,1
314,0.09344,0.01271,0
315,-0.08077,-0.01368,1
316,0.20447,0.09943,0
317,-0.17525,-0.05604,1
318,0.01258,-0.00170,0
319,-0.13373,-0.03768,1
320,0.17381,0.06383,0
321,0.00857,0.00317,0
322,-0.00539,0.00020,1
323,-0.17272,-0.07210,1
324,0.13055,0.05509,0
325,-0.01376,0.00678,1
326,0.11482,0.06667,0
327,-0.13310,-0.04283,1
328,-0.04768,-0.00558,1
329,0.02050,0.02266,1
330,0.17712,0.08966,0
331,-0.13159,-0.04536,1
332,0.00528,-0.00762,0
333,-0.13616,-0.03761,1
334,0.19015,0.08704,0
335,-0.03786,-0.00417,1
336,0.02630,0.01593,0
337,-0.26576,-0.09702,1
338,0.14939,0.06402,0
339,-0.02072,0.02273,1
340,0.20349,0.09899,0
341,-0.18877,-0.10514,1
342,0.07398,0.02180,0
343,-0.14543,-0.02987,1
344,0.29818,0.14166,0
345,-0.19561,-0.07305,1
346,0.05711,-0.00582,0
347,-0.18667,-0.09471,1
348,0.25381,0.10713,0
349,-0.00834,-0.01410,0
350,0.09958,0.01851,0
351,-0.26913,-0.11706,1
352,0.09132,0.03423,0
353,-0.04762,-0.01898,1
354,0.19782,0.05979,0
355,-0.17594,-0.09508,1
356,0.04898,-0.00095,0
357,-0.11478,-0.07520,1
358,0.23498,0.07515,0
359,-0.11615,-0.05085,1
360,0.04728,0.01042,0
361,-0.20098,-0.10000,1
362,0.19220,0.06139,0
363,-0.06322,0.00119,1
364,0.16173,0.05855,0
365,-0.30071,-0.12505,1
366,0.05132,0.02929,0
367,-0.01266,-0.00264,1
368,0.19922,0.10061,0
369,-0.15287,-0.07110,1
370,0.01079,-0.00915,0
371,-0.14302,-0.02687,1
372,0.14659,0.08173,0
373,0.05576,0.02411,0
374,-0.01810,-0.00309,1
375,-0.12749,-0.05485,1
376,0.02317,0.02206,0
377,0.07020,0.04722,0
378,0.01969,0.00001,0
379,-0.03418,-0.03572,0
380,-0.07260,-0.04450,1
381,0.05923,0.02100,0
382,0.13507,0.02347,0
383,-0.05365,-0.02960,1
384,-0.08416,-0.06241,1
385,-0.01490,-0.02035,0
386,0.10017,0.04180,0
387,0.08000,0.06135,0
388,0.02236,0.03151,1
389,-0.17776,-0.08380,1
390,0.02876,-0.00078,0
391,0.04596,0.01393,0
392,0.13953,0.07792,0
393,-0.14310,-0.07000,1
394,0.01567,-0.00382,0
395,-0.13282,-0.03648,1
396,0.16221,0.07258,0
397,-0.02264,0.00244,1
398,0.01595,0.00598,0
399,-0.20123,-0.07384,1
400,-0.06011,0.09394,1
401,-0.10615,0.10910,1
402,0.14573,0.05874,0
403,-0.15062,-0.16555,0
404,0.09489,0.02541,0
405,0.15150,0.05166,0
406,0.21146,0.05903,0
407,0.06736,0.03681,0
408,-0.07811,-0.02145,1
409,0.10213,0.04444,0
410,-0.01983,-0.01371,1
411,0.00675,-0.02919,0
412,-0.31015,-0.15276,1
413,-0.31815,-0.17014,1
414,-0.18094,-0.08456,1
415,0.05140,0.00116,0
416,0.07750,0.03670,0
417,0.10790,0.05962,0
418,0.14288,0.07086,0
419,0.10087,0.05512,0
420,0.26652,0.14013,0
421,-0.10252,-0.04220,1
422,0.02896,0.00138,0
423,-0.13286,-0.04587,1
424,0.11322,0.07697,0
425,-0.10989,-0.01902,1
426,-0.00237,0.04837,1
427,-0.27714,-0.09741,1
428,0.04480,0.00193,0
429,-0.27083,-0.07916,1
430,0.05724,0.00717,0
431,-0.20358,-0.13147,1
432,0.06846,0.02880,0
433,-0.02955,-0.03230,0
434,0.33461,0.13906,0
435,0.05809,0.01000,0
436,0.13764,0.02106,0
437,-0.17885,-0.07540,1
438,0.19338,0.07208,0
439,-0.05461,-0.01830,1
440,0.10691,0.01924,0
441,-0.23797,-0.12991,1
442,-0.00991,-0.01039,0
443,-0.08605,-0.04767,1
444,0.19227,0.07866,0
445,-0.12701,-0.03452,1
446,0.03100,-0.03108,0
447,-0.27701,-0.10447,1
448,0.12569,0.05715,0
449,-0.02999,-0.02728,1
450,0.13626,0.00646,0
451,-0.22757,-0.10367,1
452,0.10944,0.05294,0
453,-0.08759,-0.05710,1
454,0.23056,0.06186,0
455,-0.11207,-0.04295,1
456,0.06166,0.01636,0
457,-0.04968,-0.00916,1
458,0.22072,0.06719,0
459,-0.05543,-0.02698,1
460,0.19959,0.08191,0
461,-0.21715,-0.13176,1
462,0.32136,0.09977,0
463,0.09649,0.06228,0
464,0.21040,0.09085,0
465,-0.43576,-0.16860,1
466,-0.20808,-0.08629,1
467,-0.13828,-0.10285,1
468,0.14091,0.05451,0
469,-0.08643,-0.01721,1
470,0.15883,0.06216,0
471,-0.10503,-0.10742,0
472,0.25980,0.05101,0
473,-0.15501,-0.01082,1
474,0.16480,0.03940,0
475,-0.16458,-0.04272,1
476,0.31347,0.14485,0
477,-0.09781,-0.05167,1
478,0.16523,0.06691,0
479,-0.36404,-0.08683,1
480,0.04658,0.05080,1
481,-0.04187,-0.04311,0
482,0.10178,0.05454,0
483,-0.23996,-0.08123,1
484,-0.02887,-0.08110,0
485,-0.26136,-0.04390,1
486,0.19293,0.07862,0
487,0.14552,0.02138,0
488,0.06657,0.02777,0
489,-0.08992,-0.04959,1
490,0.01071,-0.01744,0
491,0.07949,-0.00310,0
492,0.08754,0.08182,0
493,0.05389,0.01915,0
494,-0.09152,-0.09863,0
495,-0.00816,0.00036,1
496,0.01567,0.01519,0
497,0.07858,0.01521,0
498,0.05809,-0.02992,0
499,-0.16853,-0.06099,1
500,-0.09953,0.00212,1
501,0.03138,0.04056,1
502,-0.03457,0.05204,1
503,-0.05436,-0.03333,1
504,-0.00642,-0.01011,0
505,-0.05992,-0.01134,1
506,0.18582,0.06370,0
507,-0.02996,0.00823,1
508,-0.00729,-0.01209,0
509,-0.06404,-0.01935,1
510,0.21612,0.08353,0
511,-0.04192,-0.00138,1
512,0.05621,0.03973,0
513,-0.19138,-0.08389,1
514,0.03297,0.00828,0
515,0.12956,0.06719,0
516,0.27340,0.11921,0
517,-0.04618,-0.04897,0
518,-0.12152,-0.04734,1
519,-0.03772,-0.00523,1
520,0.00838,0.00352,0
521,0.00513,-0.01670,0
522,-0.12304,-0.05830,1
523,-0.09454,-0.03344,1
524,-0.02324,-0.00448,1
525,0.17095,0.05679,0
526,-0.02100,-0.03228,0
527,-0.11383,-0.03947,1
528,-0.01884,-0.00253,1
529,0.07562,0.03683,0
530,0.16623,0.06141,0
531,0.02167,-0.00426,0
532,-0.02982,-0.01761,1
533,0.00070,-0.00900,0
534,0.15412,0.06157,0
535,-0.00194,-0.02147,0
536,0.01920,-0.02665,0
537,-0.20775,-0.11273,1
538,-0.02464,-0.01359,1
539,0.01557,-0.00576,0
540,0.05831,0.01219,0
541,-0.15680,-0.05559,1
542,0.01932,0.01309,0
543,-0.06126,-0.00363,1
544,0.20832,0.10370,0
545,-0.01732,0.00538,1
546,0.02122,0.00959,0
547,-0.14478,-0.06077,1
548,0.13979,0.08196,0
549,-0.06784,-0.00909,1
550,0.05623,0.04634,0
551,-0.21100,-0.11664,1
552,0.08708,0.05636,0
553,-0.00193,0.01492,1
554,0.24982,0.12735,0
555,-0.26764,-0.10173,1
556,0.05346,0.02450,0
557,-0.13268,-0.03678,1
558,0.25609,0.11328,0
559,-0.14969,-0.04527,1
560,0.04868,0.01409,0
561,-0.24435,-0.12328,1
562,0.23889,0.09247,0
563,-0.05213,-0.01133,1
564,0.16252,0.04614,0
565,-0.25235,-0.14471,1
566,0.10762,0.02588,0
567,-0.05738,-0.02839,1
568,0.23688,0.08271,0
569,-0.11491,-0.05937,1
570,-0.02295,-0.02024,1
571,-0.08940,-0.01195,1
572,0.19772,0.09395,0
573,-0.01172,0.00888,1
574,-0.03241,-0.02292,1
575,-0.20911,-0.10463,1
576,0.00825,-0.02537,0
577,0.02747,0.01901,0
578,0.08294,0.04475,0
579,-0.14322,-0.07593,1
580,-0.07029,-0.03562,1
581,0.00504,-0.00305,0
582,0.22354,0.10049,0
583,-0.11350,-0.06702,1
584,0.03653,0.00176,0
585,-0.09498,-0.03502,1
586,0.31130,0.13077,0
587,-0.11623,-0.03211,1
588,0.07443,0.03788,0
589,-0.29215,-0.09769,1
590,0.12669,0.06777,0
591,-0.00545,0.02096,1
592,0.17691,0.10279,0
593,-0.24167,-0.08908,1
594,-0.01589,0.01214,1
595,-0.08735,-0.02839,1
596,0.17283,0.08448,0
597,-0.01615,-0.00824,1
598,-0.08034,-0.02530,1
599,-0.13874,-0.04207,1
600,0.16022,0.07764,0
601,0.16577,0.08236,0
602,-0.03277,0.00252,1
603,-0.08514,-0.00929,1
604,-0.06489,-0.01678,1
605,0.08456,0.04743,0
606,0.10028,0.04557,0
607,0.05178,0.02177,0
608,-0.26537,-0.10300,1
609,0.08835,0.03323,0
610,0.04435,0.04166,0
611,0.07633,0.02375,0
612,-0.07771,-0.02602,1
613,-0.06529,-0.02357,1
614,-0.02738,-0.00541,1
615,0.15416,0.09127,0
616,-0.06604,0.01633,1
617,-0.07974,-0.01319,1
618,-0.05802,-0.00073,1
619,0.04171,0.02982,0
620,0.10187,0.03493,0
621,0.03438,-0.01256,0
622,-0.06562,-0.03056,1
623,-0.04515,-0.01915,1
624,0.10160,0.06819,0
625,-0.01450,0.00310,1
626,-0.03408,-0.01610,1
627,-0.10535,-0.04484,1
628,0.03296,0.00847,0
629,0.11413,0.06287,0
630,0.05557,0.05830,1
631,-0.11375,-0.02500,1
632,-0.09212,-0.04291,1
633,0.07666,0.01668,0
634,0.05484,0.00113,0
635,0.03400,0.00801,0
636,-0.12236,-0.02753,1
637,-0.02217,0.00711,1
638,0.09361,0.06142,0
639,0.09256,0.06936,0
640,-0.06557,-0.02770,1
641,-0.06450,-0.04250,1
642,0.00676,-0.00443,0
643,0.00642,-0.00352,0
644,0.10362,0.05500,0
645,-0.07936,-0.04165,1
646,-0.10979,-0.04618,1
647,-0.02332,-0.00629,1
648,0.09478,0.06160,0
649,-0.02572,0.00837,1
650,0.02143,0.02442,1
651,-0.10021,-0.03062,1
652,0.07560,0.04690,0
653,0.07101,0.04243,0
654,0.02067,0.02580,1
655,-0.03910,-0.02042,1
656,-0.04803,-0.01806,1
657,0.01723,0.00462,0
658,0.06986,0.04266,0
659,0.00122,0.00912,1
660,-0.05711,-0.02511,1
661,-0.03130,-0.01497,1
662,0.13781,0.08176,0
663,-0.04672,0.01369,1
664,0.01879,0.00781,0
665,-0.17039,-0.06434,1
666,0.08844,0.03763,0
667,-0.01722,-0.00266,1
668,0.21393,0.09201,0
669,-0.43462,-0.27582,1
670,-0.22589,-1.74331,0
671,-0.47065,3.23058,1
672,-2.80733,3.15199,1
673,-8.48712,-7.67830,1
674,5.05506,1.98821,0
675,5.29056,2.97676,0
676,2.77335,-0.87907,0
677,-1.29769,-0.86210,1
678,-9.34652,-5.09139,1
679,-4.72383,-1.54260,1
680,0.12521,0.05229,0
681,1.88899,1.02150,0
682,3.97497,2.00332,0
683,3.52476,1.75692,0
684,-3.57425,-1.46671,1
685,-0.89276,-0.66011,1
686,-3.11788,-1.26041,1
687,3.80981,2.19077,0
688,2.09016,1.14553,0
689,-2.26813,-1.04258,1
690,-1.93164,-0.81252,1
691,-2.27555,-0.92678,1
692,1.86852,0.84920,0
693,1.80865,0.78928,0
694,-0.77941,-0.36869,1
695,-2.62316,-1.17641,1
696,-1.27462,-0.58699,1
697,0.60550,0.46786,0
698,1.91922,0.83202,0
699,0.69439,0.42472,0
700,0.80781,0.31974,0
701,-0.60716,-0.23449,1
702,-0.02187,0.11314,1
703,0.13845,0.08978,0
704,0.49350,0.29935,0
705,-0.03645,0.01786,1
706,-0.84935,-0.46258,1
707,-1.39403,-0.55583,1
708,-0.07308,0.05083,1
709,0.59696,0.31463,0
710,0.62687,0.28834,0
711,-0.25778,-0.08654,1
712,-0.33105,-0.17631,1
713,-0.29904,-0.09547,1
714,0.25150,0.10883,0
715,0.34365,0.14178,0
716,-0.31860,-0.21644,1
717,-0.53746,-0.31693,1
718,-0.28664,-0.19683,1
719,0.44052,0.26045,0
720,0.60321,0.30571,0
721,0.00431,0.05895,1
722,-0.76045,-0.27846,1
723,-0.32960,-0.17765,1
724,0.18354,0.05804,0
725,0.64869,0.32919,0
726,0.11944,0.04106,0
727,-0.07217,-0.03058,1
728,-0.08269,-0.05352,1
729,0.26287,0.08665,0
730,0.22978,0.12887,0
731,0.15917,0.07407,0
732,-0.38770,-0.18731,1
733,-0.26877,-0.15837,1
734,-0.23553,-0.13474,1
735,0.11675,0.03382,0
736,0.01063,-0.00349,0
737,0.08378,-0.02060,0
738,-0.22625,-0.04996,1
739,-0.01035,-0.04273,0
740,0.09654,0.03737,0
741,0.28316,0.09859,0
742,0.10339,0.05302,0
743,0.44066,0.18657,0
744,0.14585,0.09156,0
745,0.09704,0.04827,0
746,-0.22048,-0.08925,1
747,-0.16886,-0.09496,1
748,-0.33017,-0.13373,1
749,-0.15688,-0.06994,1
750,-0.31556,-0.15811,1
751,-0.29367,-0.15081,1
752,-0.00782,-0.03505,0
753,0.09176,0.07480,0
754,0.08028,0.05529,0
755,0.02369,0.02140,0
756,0.01380,0.03082,1
757,0.11305,0.04986,0
758,0.31720,0.16259,0
759,0.13805,0.07084,0
760,0.08098,0.04704,0
761,0.03097,0.00542,0
762,-0.15567,-0.07050,1
763,0.00260,-0.00739,0
764,-0.16334,-0.06760,1
765,-0.12356,-0.06187,1
766,-0.15424,-0.10933,1
767,0.13086,0.03298,0
768,-0.02377,0.00225,1
769,0.16614,0.06007,0
770,-0.09120,-0.04274,1
771,0.16874,0.07248,0
772,0.16265,0.04467,0
773,0.18081,0.06826,0
774,-0.12239,-0.06552,1
775,-0.03156,-0.03054,1
776,-0.02444,-0.02441,1
777,-0.00140,0.00591,1
778,-0.06155,-0.02424,1
779,-0.20072,-0.13735,1
780,-0.09774,-0.08237,1
781,0.03535,0.00603,0
782,0.19750,0.08822,0
783,-0.06160,-0.03251,1
784,-0.02332,-0.02615,0
785,-0.15196,-0.06687,1
786,0.13806,0.05592,0
787,-0.00803,-0.01011,0
788,0.07698,0.02841,0
789,-0.22511,-0.08590,1
790,0.05890,0.01759,0
791,-0.04483,-0.01057,1
792,0.15005,0.08304,0
793,-0.13040,-0.03062,1
794,-0.11473,-0.04136,1
795,-0.06058,-0.02052,1
796,0.18290,0.10146,0
797,0.06443,0.05961,0
798,-0.05638,-0.03045,1
799,0.05030,0.01384,0
800,0.03715,0.03481,0
801,0.19056,0.07393,0
802,-0.04145,-0.02197,1
803,-0.07121,-0.02882,1
804,-0.16690,-0.02530,1
805,0.12908,0.05376,0
806,-0.02311,0.00013,1
807,-0.01255,0.01834,1
808,-0.19783,-0.07017,1
809,-0.02148,-0.00015,1
810,0.07637,0.05199,0
811,0.16080,0.07708,0
812,-0.07235,-0.00020,1
813,-0.06808,0.00199,1
814,-0.00903,0.00621,1
815,0.08176,0.04202,0
816,-0.06244,-0.00968,1
817,-0.13520,-0.07881,1
818,-0.21775,-0.06832,1
819,0.10447,0.07011,0
820,-0.01833,0.01933,1
821,0.06410,0.03598,0
822,-0.21482,-0.09884,1
823,0.01563,-0.01026,0
824,0.02450,0.02215,0
825,0.23324,0.11518,0
826,-0.07442,0.00453,1
827,0.04418,0.01561,0
828,-0.01801,0.00515,1
829,0.18520,0.11171,0
830,-0.01653,0.00907,1
831,0.04124,0.03367,0
832,-0.22061,-0.06798,1
833,0.14484,0.07783,0
834,-0.09735,-0.00439,1
835,0.05948,0.03084,0
836,-0.20684,-0.08179,1
837,0.01201,0.01150,0
838,-0.06782,0.00923,1
839,0.37511,0.16940,0
840,-0.09307,-0.01607,1
841,0.01760,0.02559,1
842,-0.10203,-0.03964,1
843,0.26766,0.10764,0
844,-0.03631,-0.01016,1
845,0.14971,0.05857,0
846,-0.27899,-0.12892,1
847,0.05933,-0.00698,0
848,-0.14565,-0.07211,1
849,0.22973,0.09888,0
850,-0.24905,-0.10677,1
851,0.10322,0.02578,0
852,-0.12150,-0.06507,1
853,0.29523,0.10711,0
854,-0.27878,-0.10691,1
855,0.11055,0.03268,0
856,-0.31176,-0.13678,1
857,0.22880,0.10837,0
858,-0.06185,0.00295,1
859,0.17832,0.06601,0
860,-0.28209,-0.10343,1
861,0.18187,0.08193,0
862,-0.02694,0.01031,1
863,0.16260,0.07862,0
864,-0.14251,-0.06257,1
865,-0.01285,0.00695,1
866,-0.10145,-0.02817,1
867,0.11453,0.05181,0
868,0.05290,0.02392,0
869,-0.03149,-0.01277,1
870,-0.13621,-0.05720,1
871,0.04037,0.01964,0
872,0.06855,0.03204,0
873,0.02939,0.03096,1
874,-0.13561,-0.04820,1
875,0.66504,0.31516,0
876,2.67775,0.35400,0
877,-2.88799,3.13542,1
878,-5.58016,-2.68147,1
879,5.43851,1.67851,0
880,5.80477,2.39992,0
881,0.93770,0.83730,0
882,-2.21182,-2.09405,1
883,-7.28361,-3.46042,1
884,-3.26728,-0.81243,1
885,0.02912,-0.13324,0
886,2.00986,1.02525,0
887,2.50382,1.25539,0
888,3.23066,1.42905,0
889,-3.43651,-1.08878,1
890,-0.53295,-0.29883,1
891,-1.98268,-0.97659,1
892,3.22018,1.71078,0
893,1.40388,0.85638,0
8