goertzel_f0,goertzel_f1,matched_corr_f0,matched_corr_f1,iq_mag_f0,iq_mag_f1,final_bit,confidence
0.0329259,0.0187952,-0.00547363,-0.00651733,0.00679735,0.00657019,0,1
0.0235627,0.0134179,-0.000763435,0.00191852,0.00303062,0.00266216,1,0.67
0.00251608,0.00464351,-0.0264442,-0.0167757,0.0267298,0.0184971,1,0.67
0.0130363,0.00326571,0.0200389,0.00409328,0.0200856,0.00467559,0,1
0.0149998,0.00668906,0.0240885,0.00584581,0.0263439,0.00662723,0,1
0.0314522,0.0136692,0.0021334,-0.000332594,0.00321342,0.00254929,0,1
0.0163212,0.00285502,-0.0249491,-0.0240948,0.0249675,0.0243687,1,0.67
0.0301803,0.0134622,0.00147342,-0.000526963,0.00450931,0.00439507,0,1
0.0255461,0.0106006,0.0146667,0.00124795,0.0147149,0.00271518,0,1
0.00424235,0.00133222,0.0201146,0.00622717,0.0264342,0.00752507,0,1
0.0129864,0.00791151,-0.0205173,-0.00891713,0.021906,0.00960816,1,0.67
0.00302059,0.00624781,-0.0110847,-0.00506802,0.0123092,0.00508561,1,0.67
0.0237508,0.011933,-0.0167134,-0.00700208,0.0169003,0.00830184,1,0.67
0.0166855,0.00701473,0.0181875,0.00560301,0.0183136,0.00560614,0,1
0.0197035,0.0067339,0.0173595,0.01219,0.0174804,0.0140955,0,1
0.0207505,0.00855334,-0.0148404,-0.00360482,0.0148432,0.00362586,1,0.67
0.012248,0.0094332,-0.0258963,-0.0100581,0.0275215,0.0111522,1,0.67
0.0418795,0.0278534,-0.00509789,-0.00664864,0.00763648,0.00670142,0,1
0.0205371,0.0163802,0.0401828,0.0181103,0.0401832,0.0188563,0,1
0.00652268,0.00543809,0.0183783,0.00439412,0.0203122,0.00442913,0,1
0.0154929,0.00959724,-0.00333363,-0.0104787,0.00618574,0.0108722,0,0.67
0.016809,0.00251677,-0.0165196,-0.00967393,0.017744,0.0112328,1,0.67
0.0263057,0.00872751,0.00487725,-0.000336384,0.00644009,0.00692379,0,0.67
0.00693866,0.0031551,0.0223939,0.00835002,0.022394,0.00862085,0,1
0.0213561,0.0184589,0.022794,0.0115505,0.0281443,0.0116344,0,1
0.00905524,0.0095951,-0.0355442,-0.0116359,0.0357245,0.0127462,1,0.67
0.00908178,0.00889009,0.00832774,0.00530131,0.00931961,0.00533956,0,1
0.0132469,0.0136249,-0.0124485,-0.00694859,0.0130025,0.00696387,1,0.67
0.00161203,0.00014556,0.0332789,0.0153733,0.0333284,0.0159402,0,1
0.0256219,0.0204422,0.00199688,0.00307317,0.00979333,0.00388772,1,0.67
0.0319916,0.0156109,-0.00249054,-0.00250987,0.00283237,0.00313553,0,0.67
0.00848363,0.00381466,-0.0382802,-0.0136431,0.038292,0.0138168,1,0.67
0.0225676,0.0151922,0.012685,0.00627569,0.0128393,0.00712302,0,1
0.010384,0.00240651,0.0020028,0.00531251,0.00887896,0.00531875,1,0.67
0.0331965,0.0177911,0.0311087,0.0137349,0.0319611,0.0156304,0,1
0.0343422,0.0173622,-0.0487807,-0.0215886,0.0490048,0.0215889,1,0.67
0.0042997,0.00165283,-0.00776443,-0.00401154,0.00814,0.00441414,1,0.67
0.0172247,0.00896839,-0.0104889,-0.00448674,0.0129527,0.00454638,1,0.67
0.0115352,0.00440778,0.0296432,0.0166987,0.0297306,0.0176447,0,1
0.0363803,0.0170267,-0.0171408,-0.00670155,0.0200915,0.00757164,1,0.67
0.0105291,0.010416,0.00436238,0.000145799,0.00442792,0.00262624,0,1
0.00283306,0.00470627,-0.0270121,-0.00970121,0.0270716,0.00970482,1,0.67
0.0024095,0.000812223,0.0237165,0.0123165,0.0241968,0.0126185,0,1
0.0222379,0.00947276,-0.0033143,-0.00050904,0.00347046,0.00432291,1,0.67
0.0355605,0.0204768,0.00903081,0.00369246,0.00954842,0.00430998,0,1
0.00447094,0.00533026,-0.0441278,-0.016585,0.0441355,0.0170558,1,0.67
0.0129213,0.0119538,0.00526904,0.00134021,0.0124422,0.00254469,0,1
0.0131016,0.00496692,0.00376193,0.00352791,0.00532348,0.00404935,0,1
0.0218738,0.0107493,0.0337136,0.016599,0.0339971,0.016883,0,1
0.033382,0.0154764,-0.0187177,-0.00847885,0.0204305,0.00863239,1,0.67
0.000871568,0.00193608,-0.0224172,-0.0072852,0.0224377,0.0078971,1,0.67
0.016202,0.0146085,-0.0149447,-0.00553593,0.0149734,0.00586514,1,0.67
0.00902772,0.00518295,0.0277274,0.0127997,0.0284206,0.0134916,0,1
0.0217445,0.0105164,0.00168059,0.000771415,0.0100431,0.00598315,0,1
0.0339447,0.0152871,-0.00977631,-0.00128596,0.0124511,0.00206963,1,0.67
0.00261111,0.00499372,-0.039245,-0.0187023,0.0397379,0.020073,1,0.67
0.0130555,0.00849067,0.00576898,0.00562107,0.0128466,0.00563425,0,1
0.00448802,0.00411119,0.000927247,-0.00194454,0.00677554,0.00483823,0,1
0.0182389,0.00959755,0.0247071,0.0111904,0.0250395,0.0114865,0,1
0.0287756,0.0146765,-0.00992021,-0.00482292,0.010082,0.004825,1,0.67
0.00565679,0.00177256,-0.0174723,-0.0102318,0.0219695,0.0112244,1,0.67
0.0180188,0.00801848,-0.00186764,-0.00347906,0.00336144,0.00466031,0,0.67
0.00640476,0.00513227,0.0288016,0.0112814,0.0288023,0.0116114,0,1
0.0360016,0.0177871,0.0228264,0.00691713,0.0250687,0.00843542,0,1
0.0340562,0.0221877,-0.0191843,-0.00688021,0.0193137,0.00721821,1,0.67
0.00507891,0.00562297,-0.044512,-0.0182829,0.0446371,0.0183567,1,0.67
0.0329569,0.0181248,-0.00224039,0.00547243,0.00436077,0.00553221,1,0.67
0.0132316,0.00597473,0.00585974,0.0130142,0.00650547,0.0136165,1,0.67
0.0224795,0.00999367,0.00924871,0.00867272,0.0110208,0.0101251,0,1
0.0331588,0.0172962,-0.00606704,-0.00366141,0.00608921,0.00385294,1,0.67
0.00812289,0.00535738,-0.0200968,-0.0117653,0.0204135,0.0118665,1,0.67
0.00458799,0.00194918,0.00056673,0.0021495,0.00170476,0.00279228,1,0.67
0.0184859,0.00872664,0.00372287,0.0049586,0.0135008,0.00496935,1,0.67
0.0424062,0.0198922,0.01812,0.0120006,0.0181201,0.0127492,0,1
0.0263005,0.0125659,-0.0269968,-0.013086,0.0277778,0.0131211,1,0.67
0.275511,0.064049,-0.461423,-0.0533932,0.66661,0.115495,1,0.67
0.342103,0.0698676,0.547317,0.0420636,1.67881,0.146323,0,1
0.202599,0.0552793,0.377099,-0.00759499,0.383634,0.0157853,0,1
0.451307,0.167976,0.785649,0.286472,1.00159,0.289811,0,1
0.200416,0.257499,-0.468137,-0.0927683,0.583278,0.278306,1,0.67
0.314567,0.336408,-0.240574,-0.0383421,0.257859,0.291637,1,1
0.101597,0.181656,-0.213567,0.144042,0.46226,0.165489,1,0.67
0.0770778,0.207607,-0.0566718,0.060488,0.127913,0.202527,1,1
0.22377,0.412838,0.0960095,0.0232139,0.110822,0.290727,0,0.67
0.752636,0.468911,0.185702,-0.0473317,1.31278,0.237472,0,1
0.253176,0.0621914,1.08804,0.437842,2.72054,0.449803,0,1
1.33087,0.244223,-1.27617,0.0373283,1.69308,0.0699493,1,0.67
0.904217,0.137546,-2.72113,-0.1569,2.72146,0.170185,1,0.67
1.07492,0.282235,-1.71795,0.0351692,2.19457,0.0730905,1,0.67
0.887314,0.187027,-1.5785,0.00977694,1.96617,0.0687894,1,0.67
0.727801,0.510107,0.106858,-0.178899,1.36236,0.376293,0,1
0.536036,0.49742,1.53407,0.325137,1.59951,0.682876,0,1
0.420042,0.731458,0.894556,0.529989,0.947206,0.964074,0,0.67
0.695966,0.724142,0.396839,0.617723,0.898472,0.989187,1,1
0.534541,0.550258,-0.44429,0.395394,0.601205,0.772054,1,1
1.26549,0.332797,-1.60232,0.464595,1.96195,0.597506,1,0.67
1.5279,0.291352,-3.08165,-0.177965,3.08195,0.35665,1,0.67
1.28473,0.388705,-2.69043,-0.356546,2.80324,0.373699,1,0.67
0.91184,0.303293,-1.86193,-0.488237,2.16435,0.507109,1,0.67
0.616647,0.256157,-1.19138,-0.195925,1.30925,0.260957,1,0.67
0.158996,0.1975,0.122855,-0.285978,0.823896,0.4623,0,0.67
0.427126,0.345968,1.14018,0.314715,1.1552,0.543258,0,1
0.671256,0.358195,1.07215,0.564824,1.3571,0.769101,0,1
0.974889,0.601818,0.16226,0.652661,1.22525,0.851035,1,0.67
0.6309,0.486195,-0.394578,0.40314,0.723552,0.662286,1,0.67
0.93523,0.528115,-1.76719,0.492797,1.80495,0.581893,1,0.67
1.21247,0.545781,-2.46825,0.0327316,2.66739,0.490544,1,0.67
1.23101,0.709476,-2.20431,-0.203221,2.73528,0.49694,1,0.67
1.14525,0.596868,-1.1528,-0.271086,2.20696,0.649355,1,0.67
0.927048,0.618031,-0.557013,0.0550685,1.5769,0.503152,1,0.67
0.332173,0.478502,1.15651,0.0509145,1.48722,0.780551,0,0.67
0.651424,0.369231,1.55496,0.54852,1.6645,0.689511,0,1
0.886758,0.411549,1.17851,0.830204,1.65939,0.891396,0,1
0.748796,0.497026,0.0822062,0.856179,1.23581,0.856538,1,0.67
0.460237,0.330229,-0.0614987,0.618748,0.505804,0.628592,1,0.67
0.93011,0.309464,-1.81227,0.480554,1.82345,0.605204,1,0.67
1.38251,0.559792,-1.63216,0.140933,2.57376,0.195801,1,0.67
1.56415,0.713854,-0.952552,-0.112042,2.67862,0.307999,1,0.67
1.42117,0.608734,-0.0391159,-0.185142,2.01035,0.53741,0,1
0.980313,0.63336,0.0119904,0.0359377,1.36087,0.36179,1,0.67
0.339205,0.397114,1.50935,0.338664,1.55362,0.869768,0,0.67
0.839212,0.194636,1.10004,0.446737,1.62042,0.475908,0,1
0.950559,0.419151,0.571547,0.760296,1.55011,0.762152,1,0.67
0.723136,0.440555,-0.473977,0.72583,1.19502,0.838128,1,0.67
0.245351,0.31975,-0.155942,0.509416,0.273434,0.569997,1,1
1.30509,0.197622,-1.3885,0.124993,1.7481,0.655635,1,0.67
1.78861,0.570406,-0.466322,0.233348,2.56208,0.233871,1,0.67
1.65202,0.717993,0.100654,-0.0661037,2.59508,0.303069,0,1
1.41798,0.699862,0.885728,0.0429512,2.014,0.594949,0,1
0.960304,0.642292,0.67423,0.203838,1.36261,0.409229,0,1
0.520963,0.293474,1.79112,0.695868,1.7965,0.975626,0,1
1.17491,0.364144,0.5522,0.48431,1.71285,0.486333,0,1
1.08709,0.593318,-0.188459,0.678172,1.67982,0.788198,1,0.67
0.74409,0.561717,-0.914981,0.522985,1.24651,0.883868,1,0.67
0.260507,0.418786,-0.423045,0.433371,0.424214,0.655643,1,1
1.3969,0.111659,-1.05873,-0.0820117,1.73642,0.733281,1,0.67
1.87972,0.500519,0.67199,0.352908,2.60452,0.354336,0,1
1.59974,0.711015,1.19786,0.166817,2.55109,0.349657,0,1
1.24733,0.66867,1.66022,0.352948,2.08125,0.614574,0,1
0.825153,0.573278,1.12981,0.393024,1.30222,0.44701,0,1
0.799058,0.259061,1.60603,0.875817,1.79592,0.96019,0,1
1.34806,0.518467,-0.229298,0.342479,1.83801,0.448623,1,0.67
1.05895,0.73447,-0.7595,0.37951,1.77577,0.774847,1,0.67
0.573516,0.730913,-1.0329,0.150558,1.19882,0.912065,1,0.67
0.184608,0.588936,-0.391343,0.15161,0.404957,0.633548,1,1
1.30546,0.0630294,-0.439531,-0.376957,1.43861,0.793986,1,0.67
1.84592,0.351873,1.69861,0.32086,2.6624,0.346679,0,1
1.43505,0.54479,2.1193,0.335105,2.60372,0.40074,0,1
0.997426,0.559777,1.91184,0.527648,1.96496,0.618511,0,1
0.6568,0.404944,1.32771,0.491875,1.33716,0.491878,0,1
0.840749,0.3547,1.17664,0.940101,1.64913,0.941411,0,1
1.35247,0.622553,-0.927801,0.1754,1.91287,0.501724,1,0.67
0.906529,0.78645,-1.41602,0.0580725,1.81964,0.845645,1,0.67
0.446547,0.84011,-1.06492,-0.220176,1.07831,0.939507,1,0.67
0.0871396,0.644355,-0.248951,-0.126494,0.261074,0.640787,1,1
1.11993,0.177492,0.238866,-0.601012,1.19698,0.815604,0,1
1.5817,0.144501,2.35527,0.193561,2.63638,0.269523,0,1
1.20273,0.351021,2.5304,0.370721,2.59269,0.385743,0,1
0.868459,0.377705,1.98088,0.583856,2.0106,0.586044,0,1
0.558486,0.292475,1.25716,0.431842,1.29763,0.470121,0,1
0.808036,0.483135,0.504891,0.819539,1.472,0.881963,1,0.67
1.18455,0.638684,-1.50501,-0.0535908,1.93558,0.591179,1,0.67
0.742389,0.743018,-1.71581,-0.318149,1.82834,0.897917,1,0.67
0.384993,0.83591,-1.05518,-0.563208,1.07037,0.943092,1,0.67
0.0737224,0.636951,-0.265629,-0.386479,0.268388,0.647418,0,0.67
0.893134,0.271804,0.799939,-0.70322,1.16329,0.758702,0,1
1.29976,0.205675,2.5978,0.077775,2.6064,0.220002,0,1
1.08227,0.337471,2.6009,0.394324,2.65046,0.396009,0,1
0.902825,0.332293,1.73001,0.574215,2.1118,0.61015,0,1
0.621553,0.378944,1.02239,0.322831,1.33491,0.479934,0,1
0.673837,0.563831,-0.156831,0.571509,1.41695,0.832992,1,0.67
0.922872,0.535316,-1.86807,-0.252293,1.96401,0.634134,1,0.67
0.604221,0.58644,-1.7861,-0.612604,1.78745,0.908068,1,0.67
0.442824,0.700319,-0.887103,-0.773986,1.04088,0.895876,1,0.67
0.0812725,0.510101,-0.197428,-0.520677,0.208876,0.605525,0,0.67
0.75709,0.286009,1.18271,-0.641744,1.23686,0.641861,0,1
1.14579,0.403936,2.42968,0.0127065,2.58758,0.191562,0,1
1.204,0.540076,2.10562,0.371485,2.64284,0.417606,0,1
1.13197,0.479347,1.00282,0.462841,2.15853,0.651993,0,1
0.818485,0.566382,0.492839,0.153503,1.363,0.495066,0,1
0.550544,0.595718,-0.925225,0.187199,1.5407,0.817227,1,0.67
0.72812,0.399217,-1.95203,-0.448095,1.95274,0.652653,1,0.67
0.66907,0.437881,-1.58378,-0.834158,1.76914,0.917793,1,0.67
0.572841,0.528814,-0.465079,-0.874434,0.992466,0.875896,0,1
0.122217,0.368505,-0.0600838,-0.568787,0.17291,0.570293,0,0.67
0.870209,0.281341,1.32854,-0.521316,1.34456,0.610921,0,1
1.3078,0.54214,1.73854,-0.122063,2.46305,0.18386,0,1
1.44742,0.729095,1.20614,0.220864,2.59874,0.38189,0,1
1.34804,0.645395,0.0784602,0.203945,2.15253,0.635503,1,0.67
0.979211,0.683507,-0.0992868,-0.0897082,1.38718,0.490217,1,0.67
0.363903,0.513688,-1.46574,-0.265859,1.66423,0.85579,1,0.67
0.720237,0.273011,-1.62275,-0.572521,1.78601,0.628526,1,0.67
0.822787,0.438293,-1.06583,-0.91229,1.68075,0.912299,1,0.67
0.636056,0.478315,-0.0265034,-0.839938,0.992394,0.916532,0,1
0.148805,0.344605,-0.005463,-0.580125,0.232085,0.627979,0,0.67
1.05813,0.211296,1.24447,-0.298806,1.41445,0.653914,0,1
1.61036,0.582804,0.689729,-0.230776,2.42818,0.236518,0,1
1.63825,0.804981,0.0678431,0.0616325,2.57114,0.354733,0,1
1.45551,0.734113,-0.824762,-0.0371853,2.19274,0.637748,1,0.67
1.02329,0.710566,-0.730504,-0.257,1.4383,0.485511,1,0.67
0.432447,0.392614,-1.8601,-0.61273,1.86926,0.937471,1,0.67
0.976736,0.319505,-1.0877,-0.547204,1.73727,0.547512,1,0.67
0.982888,0.596794,-0.385409,-0.788567,1.64874,0.871494,0,1
0.681116,0.591855,0.400554,-0.599283,1.03414,0.918851,0,1
0.143856,0.453303,0.0446918,-0.432106,0.226496,0.645429,0,0.67
1.23426,0.0989857,0.94678,0.012003,1.38708,0.7453,0,1
1.80919,0.5156,-0.374474,-0.273122,2.47951,0.276063,1,0.67
1.68322,0.765994,-1.01435,-0.0890782,2.62105,0.355482,1,0.67
1.36385,0.725954,-1.61033,-0.281642,2.22051,0.648692,1,0.67
0.943209,0.638176,-1.18305,-0.391955,1.4509,0.482738,1,0.67
0.610948,0.297613,-1.86691,-0.872271,1.92426,1.00101,1,0.67
1.19834,0.47197,-0.29624,-0.448969,1.74581,0.504974,0,1
0.99026,0.739563,0.324782,-0.566958,1.65138,0.880556,0,1
0.601823,0.760972,0.774989,-0.281712,1.06917,0.972444,0,0.67
0.111464,0.591016,0.155861,-0.226739,0.235743,0.683635,0,0.67
1.28365,0.0763516,0.513071,0.288309,1.31014,0.830603,0,1
1.85122,0.379004,-1.42105,-0.283484,2.6008,0.310041,1,0.67
1.54507,0.632826,-1.94028,-0.258531,2.64461,0.382612,1,0.67
1.15969,0.632447,-2.10549,-0.497098,2.22821,0.654999,1,0.67
0.785011,0.497068,-1.40827,-0.459578,1.44078,0.471045,1,0.67
0.747067,0.316586,-1.57748,-0.992907,1.87285,1.0072,1,0.67
1.31579,0.599638,0.499315,-0.261334,1.84334,0.51306,0,1
0.93801,0.836207,1.00356,-0.19988,1.7033,0.887203,0,1
0.461742,0.880289,1.00499,0.135475,1.08057,1.00298,0,0.67
0.0685217,0.680946,0.173428,0.053061,0.213139,0.685154,0,0.67
1.18185,0.175586,-0.0650436,0.56962,1.15008,0.871165,1,0.67
1.6776,0.188042,-2.29319,-0.222795,2.72006,0.280492,1,0.67
1.30642,0.424867,-2.54703,-0.350886,2.67612,0.390623,1,0.67
0.953516,0.45638,-2.22303,-0.60936,2.23237,0.638537,1,0.67
0.65962,0.345796,-1.42526,-0.450218,1.46312,0.4588,1,0.67
0.816586,0.435501,-0.992784,-0.911855,1.72686,0.928524,1,0.67
1.24668,0.644361,1.21128,-0.0322295,1.9255,0.566791,0,1
0.769215,0.816721,1.47248,0.192925,1.70515,0.915303,0,0.67
0.332085,0.885767,1.04847,0.51558,1.0487,1.0085,0,0.67
0.0373522,0.676258,0.123338,0.309742,0.129209,0.670762,1,1
0.975006,0.270173,-0.628316,0.731408,1.06929,0.843834,1,0.67
1.38472,0.159863,-2.70774,-0.118982,2.75325,0.218744,1,0.67
1.12869,0.323817,-2.6617,-0.376489,2.67525,0.377752,1,0.67
0.940838,0.335919,-1.9539,-0.613078,2.24214,0.617106,1,0.67
0.690579,0.347241,-1.14142,-0.342944,1.44121,0.438264,1,0.67
0.791675,0.541103,-0.242265,-0.688383,1.57218,0.834829,0,1
1.06527,0.594825,1.72425,0.201752,1.9817,0.615482,0,1
0.59989,0.68833,1.69188,0.537358,1.70689,0.921548,0,0.67
0.320405,0.785332,0.90684,0.798741,0.991361,0.981778,0,0.67
0.0762097,0.570715,0.127696,0.520803,0.130519,0.650859,1,1
0.798533,0.300816,-1.06651,0.747778,1.15798,0.753221,1,0.67
1.17988,0.332275,-2.62532,-0.00433534,2.68629,0.146835,1,0.67
1.17988,0.454667,-2.2944,-0.337003,2.65476,0.351878,1,0.67
1.10845,0.401944,-1.31702,-0.504361,2.21933,0.595333,1,0.67
0.820328,0.481197,-0.664873,-0.193599,1.42802,0.439151,1,0.67
0.63469,0.576527,0.567088,-0.332266,1.55331,0.775783,0,1
0.793652,0.456281,1.94066,0.403281,1.96139,0.647001,0,1
0.573538,0.50977,1.65261,0.811219,1.71858,0.94788,0,1
0.479007,0.603534,0.644326,0.934774,0.98165,0.953369,1,0.67
0.131107,0.430056,0.103352,0.633481,0.151309,0.645393,1,1
0.795308,0.277635,-1.29822,0.628506,1.29879,0.677198,1,0.67
1.2415,0.482547,-2.04526,0.10787,2.53438,0.14596,1,0.67
1.39484,0.6479,-1.5168,-0.251216,2.62742,0.338539,1,0.67
1.30494,0.553084,-0.408198,-0.297652,2.20588,0.596015,1,0.67
0.952455,0.616817,-0.080495,-0.0114517,1.44256,0.4545,1,0.67
0.442327,0.537575,1.30226,0.0900566,1.6765,0.811187,0,0.67
0.683385,0.297697,1.78308,0.521736,1.8482,0.61679,0,1
0.728765,0.418719,1.31761,0.920174,1.69312,0.929526,0,1
0.61082,0.489138,0.255945,0.902532,0.98288,0.9325,1,0.67
0.165913,0.355693,0.0728577,0.632431,0.185865,0.654915,1,1
0.964526,0.206753,-1.32032,0.386611,1.41668,0.674328,1,0.67
1.53713,0.553894,-1.11375,0.197845,2.46159,0.199955,1,0.67
1.6116,0.767781,-0.455413,-0.117819,2.61757,0.33186,1,0.67
1.43561,0.681925,0.523284,-0.0570065,2.22293,0.616526,0,1
1.02194,0.687828,0.53066,0.180293,1.45692,0.465978,0,1
0.374979,0.445331,1.75022,0.48133,1.81383,0.904441,0,0.67
0.841501,0.268573,1.33328,0.559483,1.76241,0.569374,0,1
0.87491,0.518492,0.714635,0.866056,1.63427,0.900402,1,0.67
0.639274,0.541688,-0.176355,0.718398,0.994115,0.942553,1,0.67
0.13835,0.427036,0.00181476,0.504888,0.186128,0.661185,1,1
1.19473,0.134955,-1.103,0.0807243,1.436,0.740125,1,0.67
1.83108,0.552106,0.0192213,0.252913,2.49658,0.25629,1,0.67
1.72676,0.792813,0.693435,0.0424575,2.6548,0.342929,0,1
1.42065,0.730822,1.38345,0.206044,2.25697,0.649521,0,1
0.986658,0.6669,1.01471,0.330088,1.44517,0.467711,0,1
0.489955,0.332552,1.91069,0.790289,1.92039,0.977335,0,1
1.08205,0.396791,0.642683,0.505996,1.72865,0.526776,0,1
0.972158,0.689912,0.0041616,0.660222,1.62741,0.880281,1,0.67
0.618568,0.720441,-0.546685,0.407895,0.997258,0.970803,1,0.67
0.134779,0.580103,-0.0625557,0.285372,0.211276,0.677622,1,1
1.28511,0.069442,-0.672524,-0.240795,1.35308,0.836391,1,0.67
1.89606,0.431657,1.1355,0.254052,2.57574,0.275517,0,1
1.6207,0.676042,1.71946,0.194326,2.69273,0.368405,0,1
1.23844,0.65639,1.95876,0.412901,2.22812,0.643127,0,1
0.839187,0.544135,1.36498,0.434606,1.45992,0.468484,0,1
0.702383,0.29234,1.7043,0.9571,1.89541,0.999429,0,1
1.28684,0.553557,-0.168995,0.354382,1.796,0.508994,1,0.67
0.99573,0.818261,-0.74893,0.337669,1.68393,0.870311,1,0.67
0.542576,0.868244,-0.869519,0.0257635,1.03968,0.983808,1,0.67
0.0965069,0.675697,-0.160598,0.0177578,0.24076,0.690272,1,1
1.23687,0.129657,-0.133351,-0.506747,1.18769,0.867228,0,1
1.78147,0.266089,2.07497,0.22271,2.70212,0.264431,0,1
1.4003,0.492688,2.46526,0.314651,2.7446,0.393438,0,1
1.02316,0.508279,2.21696,0.558963,2.22194,0.62839,0,1
0.678675,0.388047,1.43862,0.453103,1.44262,0.453411,0,1
0.800924,0.383385,1.2077,0.950858,1.78536,0.95233,0,1
1.30432,0.633625,-0.952297,0.144677,1.91346,0.545902,1,0.67
0.85974,0.843017,-1.34542,-0.052646,1.74548,0.903452,1,0.67
0.401966,0.910487,-1.00339,-0.362588,1.02019,0.988774,1,0.67
0.0325617,0.688481,-0.19409,-0.252586,0.221138,0.692306,0,0.67
1.05942,0.221378,0.427041,-0.694083,1.07845,0.854765,0,1
1.50033,0.108283,2.61276,0.144761,2.74434,0.221928,0,1
1.17485,0.327551,2.7279,0.380465,2.73134,0.39553,0,1
0.914198,0.362729,2.0436,0.594053,2.18414,0.594733,0,1
0.633184,0.307924,1.26753,0.390447,1.44922,0.438713,0,1
0.795786,0.497695,0.480968,0.770456,1.63431,0.860275,1,0.67
1.14643,0.615222,-1.56443,-0.0999671,1.97571,0.595699,1,0.67
0.672832,0.746238,-1.66418,-0.425091,1.73586,0.921901,1,0.67
0.315017,0.852304,-0.971227,-0.695622,1.00019,0.980368,1,0.67
0.0358713,0.622474,-0.216155,-0.48234,0.219073,0.6815,0,0.67
0.834832,0.275456,0.932685,-0.741321,1.125,0.766,0,1
1.21233,0.262907,2.69145,0.0450969,2.69913,0.160552,0,1
1.14162,0.40418,2.50742,0.383441,2.68847,0.385341,0,1
1.04522,0.364798,1.49774,0.52483,2.17009,0.578588,0,1
0.762781,0.423438,0.865131,0.267848,1.45236,0.447335,0,1
0.685081,0.572827,-0.336478,0.452582,1.55733,0.791221,1,0.67
0.90366,0.522883,-1.88035,-0.310529,1.95772,0.632599,1,0.67
0.562526,0.583537,-1.73944,-0.726067,1.752,0.941651,1,0.67
0.377146,0.678513,-0.760515,-0.886422,0.973321,0.945033,0,0.67
0.0974453,0.48066,-0.176265,-0.619627,0.189375,0.660936,0,0.67
0.759424,0.28014,1.25425,-0.664227,1.26257,0.679636,0,1
1.18591,0.433722,2.28612,-0.0686333,2.58827,0.132277,0,1
1.33692,0.597152,1.86828,0.308969,2.66054,0.35739,0,1
1.24617,0.504388,0.694186,0.358161,2.18442,0.583076,0,1
0.893422,0.562726,0.308839,0.0876603,1.44972,0.448423,0,1
0.496451,0.550794,-1.06585,0.0574792,1.61147,0.78677,1,0.67
0.697901,0.35861,-1.85942,-0.471684,1.87359,0.619473,1,0.67
0.638677,0.431835,-1.47916,-0.902993,1.71846,0.941495,1,0.67
0.541742,0.514994,-0.410784,-0.929485,0.979907,0.93305,0,1
0.152414,0.358226,-0.104678,-0.644024,0.18492,0.647028,0,0.67
0.901157,0.233612,1.36103,-0.454137,1.40593,0.640957,0,1
1.44868,0.549782,1.47764,-0.154207,2.48184,0.162583,0,1
1.58001,0.750111,0.853498,0.180049,2.62161,0.337143,0,1
1.4096,0.64156,-0.241018,0.132398,2.21731,0.606057,1,0.67
0.976978,0.65278,-0.314824,-0.108936,1.45296,0.461118,1,0.67
0.38604,0.46324,-1.63897,-0.352665,1.77525,0.861706,1,0.67
0.772567,0.259008,-1.51199,-0.549908,1.77727,0.579821,1,0.67
0.81601,0.46155,-0.94205,-0.903518,1.6738,0.911357,1,0.67
0.646398,0.504747,-0.019583,-0.814816,0.983048,0.944729,0,1
0.173642,0.393213,-0.0179759,-0.555217,0.202033,0.651715,0,0.67
1.12425,0.156568,1.18988,-0.182315,1.43568,0.702698,0,1
1.74767,0.5667,0.419601,-0.222081,2.46233,0.223001,0,1
1.72392,0.805795,-0.292327,0.0202495,2.63832,0.33989,1,0.67
1.42996,0.707918,-1.12356,-0.11956,2.25198,0.636473,1,0.67
0.971406,0.65628,-0.870042,-0.277241,1.47541,0.467137,1,0.67
0.474473,0.349878,-1.88277,-0.684837,1.88279,0.941174,1,0.67
1.03008,0.357762,-0.898685,-0.525132,1.74422,0.529121,1,0.67
0.966341,0.639969,-0.252541,-0.750575,1.64727,0.890863,0,1
0.67488,0.672297,0.414947,-0.534549,0.994734,0.955472,0,1
0.172794,0.541935,0.0701189,-0.366288,0.222696,0.667377,0,0.67
1.24952,0.0755392,0.844876,0.132189,1.37899,0.794746,0,1
1.90191,0.488301,-0.745905,-0.258255,2.5437,0.272199,1,0.67
1.66809,0.73091,-1.36783,-0.140058,2.67971,0.366549,1,0.67
1.29853,0.672179,-1.81151,-0.346488,2.25788,0.64542,1,0.67
0.866662,0.571582,-1.27692,-0.39942,1.46655,0.464929,1,0.67
0.645823,0.286742,-1.79927,-0.897546,1.90848,0.976392,1,0.67
1.21906,0.505527,-0.104487,-0.401384,1.77055,0.50353,0,1
0.985501,0.784533,0.468048,-0.454785,1.65917,0.877559,0,1
0.581867,0.827484,0.765214,-0.15708,1.01611,0.975585,0,0.67
0.108673,0.651374,0.133825,-0.108831,0.23711,0.685243,0,0.67
1.27794,0.0880321,0.33935,0.428517,1.23987,0.863479,1,0.67
1.86567,0.333768,-1.77086,-0.240472,2.66336,0.277476,1,0.67
1.50121,0.569642,-2.22894,-0.277957,2.72104,0.386893,1,0.67
1.09274,0.551449,-2.19861,-0.522383,2.25558,0.638484,1,0.67
0.731574,0.429084,-1.42773,-0.433732,1.43403,0.436381,1,0.67
0.759198,0.341532,-1.40712,-0.960754,1.83145,0.962885,1,0.67
1.28776,0.603685,0.709764,-0.201186,1.87468,0.52421,0,1
0.904949,0.843313,1.12098,-0.087807,1.69234,0.885672,0,1
0.452243,0.906361,0.986647,0.250144,1.0404,0.986668,0,0.67
0.0393161,0.687555,0.187487,0.172427,0.23106,0.689444,0,0.67
1.15037,0.172319,-0.221546,0.650392,1.08466,0.875473,1,0.67
1.63239,0.143711,-2.48147,-0.177791,2.75151,0.240097,1,0.67
1.24897,0.3723,-2.67208,-0.365589,2.72684,0.396647,1,0.67
0.933838,0.395717,-2.1621,-0.58924,2.20709,0.602267,1,0.67
0.638317,0.312453,-1.34782,-0.404825,1.42911,0.428576,1,0.67
0.783545,0.455753,-0.760227,-0.834435,1.67484,0.878122,0,1
1.20521,0.622437,1.35001,0.0204048,1.92992,0.568949,0,1
0.751134,0.803802,1.56921,0.302663,1.72666,0.908891,0,0.67
0.3263,0.879575,1.01241,0.600377,1.01614,0.980679,0,0.67
0.0225343,0.650611,0.205003,0.405625,0.212078,0.671407,1,1
0.908852,0.252532,-0.760364,0.750338,1.06801,0.810013,1,0.67
1.29322,0.183007,-2.73227,-0.0911021,2.73859,0.176232,1,0.67
1.13033,0.341378,-2.64092,-0.38352,2.70347,0.383961,1,0.67
0.995468,0.334798,-1.77064,-0.561201,2.19147,0.577789,1,0.67
0.715229,0.370877,-1.00899,-0.29301,1.42145,0.422786,1,0.67
0.73123,0.543393,0.0289779,-0.567011,1.56877,0.792754,0,1
0.982449,0.55137,1.79001,0.256047,1.95388,0.614226,0,1
0.576754,0.645606,1.7367,0.641281,1.73693,0.932407,0,0.67
0.348534,0.736177,0.876903,0.850202,1.0047,0.965423,0,0.67
0.0974636,0.521401,0.185438,0.576594,0.189741,0.65926,1,1
0.745231,0.261395,-1.14236,0.710906,1.18316,0.711396,1,0.67
1.14255,0.359121,-2.51249,0.00222153,2.65464,0.114535,1,0.67
1.25311,0.514246,-2.11476,-0.335011,2.65127,0.355999,1,0.67
1.1745,0.440109,-1.03518,-0.430772,2.18507,0.571115,1,0.67
0.834579,0.494694,-0.490621,-0.12795,1.44089,0.42675,1,0.67
0.531866,0.529842,0.808121,-0.200559,1.56885,0.764383,0,1
0.724374,0.379969,1.88555,0.426567,1.88606,0.615287,0,1
0.601754,0.4578,1.56204,0.845181,1.69403,0.922781,0,1
0.518344,0.547487,0.565839,0.945218,0.978399,0.946733,1,0.67
0.176077,0.379154,0.108242,0.634405,0.163652,0.63532,1,1
0.795026,0.235679,-1.33765,0.545286,1.35012,0.650919,1,0.67
1.3222,0.499238,-1.83554,0.106748,2.54495,0.123587,1,0.67
1.50108,0.694423,-1.23331,-0.236568,2.63036,0.338583,1,0.67
1.3781,0.600851,-0.141349,-0.233805,2.20211,0.59316,0,1
0.988384,0.627153,0.124843,0.057086,1.46932,0.443715,0,1
0.398102,0.499014,1.42999,0.197744,1.68572,0.815449,0,0.67
0.690985,0.266492,1.64759,0.53144,1.78678,0.590525,0,1
0.73851,0.421057,1.13086,0.913021,1.66102,0.91306,0,1
0.599611,0.474986,0.150597,0.862918,0.976129,0.934474,1,0.67
0.158849,0.356738,0.0381968,0.583748,0.17506,0.635205,1,1
1.05353,0.183522,-1.2935,0.277886,1.44904,0.680756,1,0.67
1.67563,0.575455,-0.820624,0.188013,2.46187,0.188101,1,0.67
1.72943,0.809978,-0.120981,-0.089139,2.6245,0.324941,1,0.67
1.48073,0.708922,0.798212,0.0302944,2.23378,0.618143,0,1
1.0289,0.675523,0.681695,0.22182,1.45456,0.449524,0,1
0.392622,0.3971,1.81777,0.577956,1.83801,0.909183,0,0.67
0.90803,0.289029,1.11371,0.536314,1.73135,0.536766,0,1
0.902062,0.559974,0.515662,0.812964,1.65296,0.887711,1,0.67
0.664291,0.588734,-0.257253,0.634964,0.987381,0.941149,1,0.67
0.188777,0.490713,-0.0274391,0.43033,0.201164,0.646994,1,1
1.21563,0.0919182,-1.01737,-0.0455174,1.43441,0.768351,1,0.67
1.87841,0.519018,0.365701,0.242715,2.5117,0.250649,0,1
1.7231,0.764815,1.00699,0.0723267,2.66506,0.341706,0,1
1.36674,0.696553,1.5972,0.276231,2.26311,0.643256,0,1
0.910956,0.60215,1.14196,0.352765,1.44232,0.450434,0,1
0.576696,0.292568,1.85889,0.833724,1.89756,0.965786,0,1
1.14533,0.449004,0.3702,0.444294,1.72889,0.499752,1,0.67
0.977077,0.739856,-0.225695,0.571164,1.63635,0.878326,1,0.67
0.622654,0.769685,-0.641559,0.296214,0.997359,0.961249,1,0.67
0.155546,0.626952,-0.104315,0.209001,0.210444,0.667538,1,1
1.28791,0.0644739,-0.581565,-0.355157,1.31032,0.858798,1,0.67
1.93062,0.409102,1.44287,0.242738,2.63029,0.266585,0,1
1.58905,0.646085,1.96895,0.227,2.70855,0.379224,0,1
1.17968,0.606767,2.09488,0.472594,2.25486,0.644119,0,1
0.787296,0.484661,1.3813,0.417866,1.42327,0.433252,0,1
0.701941,0.30021,1.55223,0.943102,1.82911,0.960377,0,1
1.25399,0.562124,-0.437826,0.274014,1.8291,0.512158,1,0.67
0.915017,0.825239,-0.914958,0.218588,1.65993,0.880265,1,0.67
0.487721,0.883726,-0.908205,-0.103023,1.01154,0.981996,1,0.67
0.0779947,0.687884,-0.178997,-0.0643502,0.220721,0.681149,1,1
1.21718,0.141581,-0.0275431,-0.601334,1.13867,0.895199,0,1
1.76096,0.231148,2.2695,0.204611,2.72554,0.25385,0,1
1.3504,0.44982,2.59609,0.347939,2.75363,0.405279,0,1
0.970361,0.456103,2.21121,0.579707,2.21355,0.617468,0,1
0.661428,0.340713,1.40583,0.415812,1.43206,0.422227,0,1
0.774053,0.402943,0.981254,0.886242,1.70612,0.900284,0,1
1.22316,0.616565,-1.15428,0.056009,1.91641,0.563607,1,0.67
0.795892,0.818708,-1.42288,-0.162506,1.69186,0.896431,1,0.67
0.362389,0.909112,-1.0131,-0.484026,1.01417,0.980839,1,0.67
0.0358202,0.690778,-0.196662,-0.323837,0.206634,0.680167,0,0.67
0.992905,0.230306,0.551887,-0.743825,1.05656,0.849664,0,1
1.4195,0.119082,2.71396,0.129388,2.77016,0.202977,0,1
1.13313,0.318754,2.73211,0.398335,2.73745,0.405137,0,1
0.953267,0.335979,1.94618,0.58994,2.18646,0.591863,0,1
0.695175,0.337194,1.14883,0.334294,1.41996,0.413786,0,1
0.760631,0.52763,0.230665,0.66273,1.57288,0.81238,1,0.67
1.05957,0.588793,-1.68351,-0.182451,1.95996,0.614368,1,0.67
0.632044,0.711487,-1.69689,-0.523071,1.71682,0.918332,1,0.67
0.299909,0.813533,-0.932732,-0.777363,1.00656,0.9692,1,0.67
0.0295349,0.592307,-0.188503,-0.52272,0.189229,0.66284,0,0.67
0.786461,0.279588,0.992868,-0.760089,1.10572,0.766149,0,1
1.16404,0.308018,2.63732,0.0223014,2.68595,0.139076,0,1
1.18304,0.451855,2.36526,0.366274,2.6771,0.374621,0,1
1.12468,0.404567,1.32988,0.48926,2.18359,0.574938,0,1
0.810556,0.459406,0.674655,0.177482,1.4205,0.417177,0,1
0.597025,0.549564,-0.534255,0.327302,1.54123,0.76262,1,0.67
0.789554,0.449822,-1.89375,-0.387434,1.91731,0.635934,1,0.67
0.554402,0.526403,-1.61934,-0.785017,1.67638,0.921458,1,0.67
0.412182,0.625663,-0.678907,-0.930415,0.988756,0.952205,0,0.67
0.119925,0.429467,-0.151931,-0.636262,0.174559,0.652509,0,0.67
0.758064,0.251161,1.27671,-0.626933,1.27675,0.670869,0,1
1.21755,0.454914,2.1146,-0.075789,2.57804,0.117332,0,1
1.40024,0.634654,1.60301,0.276738,2.641,0.345876,0,1
1.31722,0.54804,0.471971,0.302171,2.20181,0.582508,0,1
0.927043,0.579351,0.0986894,0.00420681,1.45686,0.436243,0,1
0.42332,0.501687,-1.23085,-0.0740755,1.63034,0.78581,1,0.67
0.681846,0.296961,-1.74628,-0.509457,1.8036,0.606114,1,0.67
0.677011,0.415869,-1.27759,-0.906089,1.66551,0.915719,1,0.67
0.539226,0.484185,-0.298973,-0.917251,0.979279,0.942783,0,1
0.15912,0.348416,-0.0837275,-0.641124,0.1833,0.65684,0,0.67
0.951991,0.206952,1.33472,-0.388846,1.42741,0.658483,0,1
1.53667,0.552874,1.19326,-0.169868,2.47597,0.171274,0,1
1.65611,0.789003,0.552251,0.148204,2.62104,0.336618,0,1
1.46403,0.691682,-0.485083,0.0516702,2.23022,0.610379,1,0.67
1.00944,0.662353,-0.50288,-0.173715,1.47274,0.457594,1,0.67
0.385816,0.419229,-1.72502,-0.458809,1.7947,0.874518,1,0.67
0.826539,0.267098,-1.29913,-0.542046,1.72091,0.549862,1,0.67
0.837752,0.50124,-0.712151,-0.865075,1.65418,0.901545,0,1
0.620387,0.526336,0.120625,-0.738171,0.989766,0.947145,0,1
0.171169,0.43028,-0.0147791,-0.524624,0.204076,0.666649,0,0.67
1.15291,0.129608,1.10002,-0.0954171,1.42812,0.729319,0,1
1.81983,0.547459,0.0803388,-0.226782,2.48018,0.231987,0,1
1.75076,0.805665,-0.61344,-0.0214866,2.63803,0.339902,1,0.67
1.43616,0.729339,-1.35305,-0.200548,2.25378,0.637068,1,0.67
0.971115,0.633526,-1.04439,-0.328851,1.49566,0.464499,1,0.67
0.530335,0.31016,-1.88457,-0.760573,1.89147,0.949122,1,0.67
1.0841,0.402014,-0.618155,-0.473329,1.71984,0.498504,1,0.67
0.941244,0.670072,0.00577671,-0.657016,1.65366,0.881415,0,1
0.602292,0.697817,0.522441,-0.427095,0.993578,0.961814,0,0.67
0.151753,0.574279,0.0811002,-0.303913,0.218776,0.67459,0,0.67
1.26065,0.0691074,0.711894,0.22247,1.35307,0.821664,0,1
1.92014,0.44429,-1.03887,-0.238757,2.56445,0.2631,1,0.67
1.6731,0.704945,-1.64903,-0.17897,2.67641,0.360636,1,0.67
1.26294,0.64973,-1.9825,-0.418891,2.27704,0.646204,1,0.67
0.827116,0.518398,-1.36488,-0.418023,1.4811,0.454698,1,0.67
0.711061,0.293609,-1.68982,-0.918201,1.8672,0.963172,1,0.67
1.25971,0.545681,0.186553,-0.330456,1.79751,0.49793,0,1
0.93545,0.794639,0.731013,-0.328294,1.69056,0.880894,0,1
0.520853,0.842065,0.819332,-0.0462469,0.99336,0.972572,0,0.67
0.108111,0.675709,0.148288,-0.0360553,0.226529,0.685064,0,0.67
1.23163,0.129274,0.185701,0.510587,1.19144,0.879263,1,0.67
1.82702,0.282151,-1.98553,-0.2028,2.6604,0.254114,1,0.67
1.45154,0.519599,-2.40136,-0.307256,2.71746,0.385189,1,0.67
1.03589,0.507242,-2.25451,-0.558141,2.26551,0.631003,1,0.67
0.693482,0.377006,-1.46928,-0.436988,1.46996,0.437,1,0.67
0.795225,0.377471,-1.20391,-0.91596,1.75927,0.916708,1,0.67
1.25692,0.607369,0.936617,-0.121513,1.89419,0.536356,0,1
0.821032,0.82408,1.28643,0.0424505,1.69939,0.897025,0,0.67
0.396404,0.900513,0.957344,0.34312,0.972942,0.965002,0,0.67
0.0371762,0.698746,0.20347,0.239018,0.222801,0.688312,1,1
1.06257,0.203693,-0.370502,0.693455,1.05924,0.86019,1,0.67
1.54247,0.112664,-2.55622,-0.138576,2.70825,0.215514,1,0.67
1.1879,0.338678,-2.72688,-0.392599,2.73462,0.409866,1,0.67
0.917765,0.355549,-2.12184,-0.616744,2.23418,0.619061,1,0.67
0.670388,0.311315,-1.26216,-0.365541,1.42019,0.410387,1,0.67
0.782319,0.485931,-0.489823,-0.741941,1.62799,0.8265,0,1
1.10381,0.58524,1.53643,0.107968,1.9562,0.592061,0,1
0.657254,0.734624,1.6439,0.418324,1.71892,0.913747,0,0.67
0.31693,0.844692,0.930372,0.66361,0.959303,0.94917,0,0.67
0.0200078,0.631265,0.219833,0.473116,0.220076,0.678611,1,1
0.841216,0.260674,-0.86767,0.758776,1.07509,0.788442,1,0.67
1.23177,0.211769,-2.68034,-0.0497903,2.68367,0.15614,1,0.67
1.11792,0.364372,-2.56096,-0.395387,2.71555,0.396069,1,0.67
1.03828,0.35637,-1.6012,-0.54456,2.1949,0.58385,1,0.67
0.78165,0.416294,-0.868145,-0.243602,1.42575,0.412484,1,0.67
0.663757,0.542472,0.319853,-0.444629,1.55166,0.767104,0,1
0.868987,0.488835,1.84777,0.3141,1.93333,0.622756,0,1
0.564602,0.574445,1.71018,0.714556,1.7221,0.926831,0,0.67
0.371904,0.682511,0.741233,0.866409,0.965237,0.926402,1,0.67
0.0938074,0.486114,0.20621,0.626338,0.223684,0.671945,1,1
0.735835,0.258758,-1.21258,0.676475,1.22326,0.688594,1,0.67
1.15294,0.394652,-2.31025,0.0538394,2.58172,0.121589,1,0.67
1.30624,0.5696,-1.94384,-0.340369,2.68088,0.377365,1,0.67
1.28786,0.512859,-0.800796,-0.380537,2.19058,0.576841,1,0.67
0.934926,0.568502,-0.311358,-0.0765011,1.43842,0.428524,1,0.67
0.479621,0.52926,1.05625,-0.0627913,1.62063,0.778053,0,0.67
0.698109,0.337433,1.82056,0.455663,1.83083,0.602982,0,1
0.632548,0.427601,1.45047,0.875383,1.68907,0.913296,0,1
0.484806,0.511827,0.402861,0.909555,0.962544,0.913078,1,0.67
0.152744,0.356119,0.146846,0.662993,0.210493,0.664326,1,1
0.852832,0.218965,-1.35208,0.472925,1.39297,0.646132,1,0.67
1.39407,0.514736,-1.54566,0.136908,2.4867,0.144839,1,0.67
1.57912,0.745084,-0.971262,-0.214467,2.63977,0.344395,1,0.67
1.46096,0.668651,0.140248,-0.153714,2.2002,0.598374,0,1
1.02148,0.660943,0.300758,0.112779,1.45752,0.449385,0,1
0.370268,0.4554,1.61287,0.338797,1.76983,0.856744,0,0.67
0.771185,0.253089,1.47382,0.519955,1.7334,0.550637,0,1
0.771675,0.440118,0.920133,0.883662,1.65001,0.891283,0,1
0.572167,0.472232,0.00497649,0.798391,0.986283,0.925176,1,0.67
0.155243,0.370624,0.0677023,0.578988,0.204708,0.658248,1,1
1.08589,0.152839,-1.22255,0.193733,1.4565,0.695796,1,0.67
1.73497,0.560993,-0.490885,0.202637,2.46983,0.203444,1,0.67
1.75921,0.82411,0.188505,-0.0517377,2.63018,0.336388,0,1
1.49314,0.74752,1.0538,0.104529,2.22483,0.627677,0,1
1.01458,0.665613,0.884796,0.285451,1.49571,0.467107,0,1
0.460219,0.347902,1.86593,0.669045,1.8684,0.934416,0,1
1.00915,0.347275,0.87525,0.513341,1.69933,0.516658,0,1
0.916653,0.605486,0.231873,0.732458,1.6441,0.86893,1,0.67
0.616845,0.615948,-0.393873,0.546657,0.990779,0.945506,1,0.67
0.167208,0.516944,-0.0327506,0.394823,0.198385,0.658906,1,1
1.21637,0.0773037,-0.895772,-0.123843,1.41636,0.781637,1,0.67
1.89723,0.499982,0.650124,0.230998,2.52279,0.242334,0,1
1.73143,0.763423,1.30824,0.122507,2.66939,0.357301,0,1
1.34513,0.704408,1.76023,0.337381,2.23974,0.643595,0,1
0.883337,0.574322,1.29252,0.405542,1.49845,0.473564,0,1
0.677494,0.283343,1.79277,0.885916,1.88118,0.975276,0,1
1.21971,0.50351,0.0763426,0.38547,1.7523,0.48665,1,0.67
0.968018,0.762542,-0.466485,0.472573,1.65795,0.872866,1,0.67
0.593597,0.810759,-0.732353,0.193251,1.0019,0.963521,1,0.67
0.174171,0.665345,-0.120181,0.152264,0.211352,0.671873,1,1
1.20889,0.117866,-0.401374,-0.420493,1.26445,0.854882,0,1
1.85793,0.350612,1.68618,0.226205,2.6298,0.257647,0,1
1.52918,0.595567,2.18366,0.272058,2.70732,0.387139,0,1
1.09893,0.566541,2.18801,0.52998,2.25536,0.651577,0,1
0.715237,0.423142,1.45156,0.446068,1.46119,0.451432,0,1
0.802415,0.352997,1.40694,0.945727,1.79336,0.94964,0,1
1.28909,0.604975,-0.711502,0.199097,1.87579,0.522354,1,0.67
0.884235,0.823379,-1.09969,0.114938,1.68023,0.883037,1,0.67
0.462364,0.899351,-0.938211,-0.193817,0.993055,0.964236,1,0.67
0.119341,0.727514,-0.167639,-0.124229,0.204031,0.673555,1,1
1.10921,0.199878,0.146833,-0.649764,1.10402,0.880579,0,1
1.64924,0.169392,2.40195,0.17537,2.70317,0.235647,0,1
1.26771,0.395238,2.67096,0.377864,2.73441,0.410583,0,1
0.934285,0.407531,2.20995,0.614539,2.24038,0.629362,0,1
0.650131,0.316862,1.36053,0.409078,1.42964,0.428231,0,1
0.789854,0.448083,0.765934,0.835752,1.63778,0.873419,1,0.67
1.14915,0.594317,-1.38953,-0.0338682,1.96811,0.585573,1,0.67
0.695559,0.757254,-1.50379,-0.257643,1.66261,0.892963,1,0.67
0.327393,0.871202,-0.970952,-0.551267,0.977002,0.956479,1,0.67
0.027025,0.665824,-0.199674,-0.374742,0.200453,0.668184,0,0.67
0.925236,0.243817,0.679725,-0.750468,1.04758,0.819838,0,1
1.33311,0.141232,2.69146,0.0945422,2.70169,0.185188,0,1
1.10214,0.320193,2.67342,0.40776,2.72386,0.40789,0,1
0.961982,0.331674,1.84258,0.593164,2.21395,0.606476,0,1
0.707581,0.368917,1.01513,0.300335,1.39928,0.42182,0,1
0.693812,0.529064,-0.00232101,0.570328,1.53694,0.79291,1,0.67
0.932814,0.524363,-1.80999,-0.253179,1.97806,0.63402,1,0.67
0.576002,0.621875,-1.66582,-0.586815,1.66622,0.903484,1,0.67
0.338251,0.749791,-0.830189,-0.803183,0.974263,0.931569,1,0.67
0.0571572,0.550786,-0.185005,-0.559151,0.193329,0.655579,0,0.67
0.755244,0.276736,1.07361,-0.730193,1.12711,0.730225,0,1
1.13024,0.334446,2.50305,-0.000550811,2.63216,0.138161,0,1
1.21126,0.495877,2.19659,0.364091,2.68508,0.386085,0,1
1.19714,0.458761,1.12471,0.458475,2.1877,0.586777,0,1
0.882314,0.526316,0.511762,0.130159,1.4206,0.431343,0,1
0.538053,0.552551,-0.783455,0.200368,1.56481,0.772266,1,0.67
0.715634,0.397545,-1.87681,-0.434705,1.87803,0.63739,1,0.67
0.578295,0.470458,-1.50226,-0.808968,1.63532,0.897767,1,0.67
0.434134,0.580269,-0.557322,-0.932308,0.991969,0.935963,0,0.67
0.110532,0.397544,-0.126111,-0.638419,0.187805,0.642198,0,0.67
0.798986,0.253294,1.26818,-0.573733,1.27695,0.655039,0,1
1.27274,0.485107,1.86274,-0.0954071,2.52628,0.129069,0,1
1.47924,0.697851,1.33,0.254627,2.63728,0.356591,0,1
1.4237,0.635279,0.216952,0.249127,2.18489,0.594961,1,0.67
1.00595,0.646216,-0.145521,-0.0680647,1.46312,0.460252,1,0.67
0.384003,0.483555,-1.41205,-0.195806,1.68109,0.825902,1,0.67
0.709013,0.268648,-1.64076,-0.535105,1.77485,0.601515,1,0.67
0.730788,0.41306,-1.08715,-0.879532,1.63549,0.879773,1,0.67
0.543683,0.465799,-0.158729,-0.872216,0.991391,0.931446,0,1
0.141004,0.338746,-0.0587236,-0.611029,0.202959,0.648257,0,0.67
0.995863,0.18739,1.22791,-0.32607,1.37834,0.665304,0,1
1.58813,0.555131,0.892908,-0.179997,2.46556,0.180839,0,1
1.69139,0.801646,0.210619,0.0922595,2.61635,0.332227,0,1
1.49032,0.725126,-0.728497,-0.0137545,2.21893,0.619227,1,0.67
1.01329,0.680148,-0.713536,-0.249738,1.49925,0.488343,1,0.67
0.430847,0.370598,-1.8012,-0.568951,1.82806,0.914882,1,0.67
0.944049,0.31383,-1.09508,-0.531943,1.69589,0.532641,1,0.67
0.886072,0.536046,-0.440446,-0.791893,1.62665,0.864012,0,1
0.600728,0.545089,0.265942,-0.659678,0.996071,0.938621,0,1
0.164432,0.458277,0.0161881,-0.478609,0.203126,0.666615,0,0.67
1.15713,0.102184,0.988551,-0.0197845,1.4024,0.743644,0,1
1.81479,0.516137,-0.228766,-0.230102,2.48884,0.235564,0,1
1.73874,0.790571,-0.898617,-0.0649101,2.61756,0.339201,1,0.67
1.41719,0.739459,-1.55379,-0.275192,2.24623,0.644369,1,0.67
0.92398,0.62889,-1.15835,-0.380528,1.4855,0.486087,1,0.67
0.598086,0.291414,-1.85874,-0.839013,1.89134,0.981179,1,0.67
1.16435,0.452826,-0.359413,-0.440675,1.72216,0.491487,0,1
0.960963,0.705918,0.240476,-0.574069,1.65634,0.866929,0,1
0.58849,0.730183,0.659403,-0.314112,1.03152,0.955951,0,0.67
0.145069,0.603331,0.0799469,-0.249182,0.203104,0.671481,0,0.67
1.23582,0.0863543,0.558737,0.307463,1.30285,0.832031,0,1
1.88008,0.397396,-1.33851,-0.242182,2.57408,0.269433,1,0.67
1.61133,0.654718,-1.89039,-0.225702,2.66686,0.363411,1,0.67
1.19113,0.627071,-2.11125,-0.486097,2.28052,0.65858,1,0.67
0.778884,0.488506,-1.4101,-0.44817,1.46239,0.466455,1,0.67
0.751181,0.313598,-1.58012,-0.954237,1.84374,0.975424,1,0.67
1.26352,0.571185,0.451763,-0.267951,1.8327,0.50682,0,1
0.897714,0.78955,0.908735,-0.24051,1.68247,0.871862,0,1
0.486739,0.853109,0.900079,0.0602459,1.01243,0.964231,0,0.67
0.103892,0.692084,0.138826,0.0180076,0.190914,0.667768,0,0.67
1.14893,0.170724,0.0204673,0.560347,1.14879,0.86222,1,0.67
1.71075,0.216658,-2.17586,-0.194599,2.66714,0.24769,1,0.67
1.36183,0.456723,-2.51874,-0.332201,2.69514,0.383935,1,0.67
0.970757,0.462225,-2.26921,-0.604388,2.26961,0.64435,1,0.67
0.65971,0.342399,-1.43522,-0.445378,1.45169,0.44877,1,0.67
0.848006,0.435564,-1.00911,-0.896466,1.70354,0.906843,1,0.67
1.24953,0.631358,1.17845,-0.0542267,1.94004,0.560421,0,1
0.770564,0.790659,1.44179,0.143043,1.71341,0.890094,0,0.67
0.368995,0.876974,0.997581,0.428589,0.99834,0.953909,0,0.67
0.0334737,0.682832,0.183983,0.288801,0.189815,0.664688,1,1
0.980128,0.235485,-0.513415,0.721642,1.0494,0.838555,1,0.67
1.43373,0.109682,-2.63123,-0.11986,2.69985,0.200987,1,0.67
1.13538,0.312001,-2.70498,-0.393824,2.70797,0.39965,1,0.67
0.92022,0.337262,-2.00065,-0.610755,2.2166,0.611638,1,0.67
0.680381,0.337802,-1.18042,-0.364728,1.42158,0.437211,1,0.67
0.776547,0.521445,-0.247827,-0.683009,1.57461,0.821801,0,1
1.02446,0.561791,1.71163,0.180422,1.99778,0.618327,0,1
0.61308,0.664056,1.69643,0.487179,1.72102,0.907432,0,0.67
0.344044,0.780092,0.897127,0.718606,0.970164,0.932499,0,0.67
0.053878,0.58424,0.173256,0.497037,0.176054,0.648928,1,1
0.788523,0.272216,-0.978546,0.740343,1.10761,0.749722,1,0.67
1.16625,0.265961,-2.59925,-0.0159229,2.63799,0.151082,1,0.67
1.12848,0.414041,-2.4006,-0.380819,2.68799,0.38865,1,0.67
1.0984,0.390652,-1.40448,-0.51664,2.1952,0.589174,1,0.67
0.837653,0.478869,-0.735285,-0.219867,1.4255,0.432615,1,0.67
0.624699,0.570502,0.536446,-0.340854,1.55303,0.773567,0,1
0.783228,0.441674,1.90848,0.367559,1.93611,0.634017,0,1
0.579844,0.509427,1.63888,0.7528,1.69107,0.911118,0,1
0.422906,0.62214,0.628563,0.877441,0.949813,0.905392,1,0.67
0.104906,0.438544,0.153698,0.621738,0.196161,0.64254,1,1
0.764835,0.268009,-1.2655,0.624714,1.26561,0.658319,1,0.67
1.19645,0.447393,-2.11058,0.0810433,2.53551,0.133991,1,0.67
1.36395,0.625463,-1.66608,-0.299092,2.65134,0.3657,1,0.67
1.32014,0.558568,-0.536934,-0.328576,2.16631,0.588559,1,0.67
0.958854,0.618018,-0.137389,-0.024866,1.41954,0.452684,1,0.67
0.432809,0.523475,1.26008,0.0644423,1.65998,0.809618,0,0.67
0.689184,0.297452,1.7555,0.489941,1.80721,0.604717,0,1
0.707797,0.406885,1.29957,0.878967,1.67086,0.896198,0,1
0.543279,0.482172,0.263344,0.878044,0.980669,0.894986,1,0.67
0.149099,0.335433,0.108228,0.634836,0.212651,0.645159,1,1
0.923221,0.21497,-1.31238,0.399732,1.39581,0.640003,1,0.67
1.48019,0.539442,-1.22439,0.168767,2.45219,0.174641,1,0.67
1.63137,0.778632,-0.647847,-0.174256,2.63393,0.343762,1,0.67
1.48927,0.711689,0.410273,-0.0833348,2.18085,0.608673,0,1
1.05027,0.706577,0.475508,0.16857,1.45026,0.472186,0,1
0.373312,0.441446,1.74029,0.457641,1.81847,0.904697,0,0.67
0.848053,0.269286,1.32202,0.545645,1.72878,0.561415,0,1
0.870275,0.481376,0.726928,0.856093,1.64512,0.87659,1,0.67
0.624984,0.497314,-0.165047,0.724876,1.01617,0.907599,1,0.67
0.161971,0.395113,0.025539,0.538915,0.216115,0.65648,1,1
1.11817,0.135795,-1.13371,0.109665,1.43455,0.703099,1,0.67
1.74776,0.538135,-0.110624,0.234842,2.45326,0.235519,1,0.67
1.70947,0.790945,0.517097,0.000685916,2.61853,0.341047,0,1
1.45569,0.740174,1.27313,0.167163,2.2084,0.630497,0,1
0.980934,0.66451,1.00683,0.333291,1.47718,0.485172,0,1
0.525423,0.329445,1.8765,0.771858,1.88008,0.985027,0,1
1.10798,0.39902,0.62341,0.49443,1.68583,0.507054,0,1
0.976102,0.652104,-0.0185032,0.666323,1.66366,0.854271,1,0.67
0.625658,0.663456,-0.541492,0.456476,1.03002,0.945055,1,0.67
0.161959,0.547735,-0.0738672,0.33675,0.222084,0.66557,1,1
1.21159,0.0731833,-0.711838,-0.190876,1.34173,0.788555,1,0.67
1.8562,0.447594,0.961051,0.238185,2.52292,0.252226,0,1
1.67558,0.712313,1.57455,0.161896,2.65857,0.355652,0,1
1.30084,0.688481,1.89457,0.396188,2.2146,0.636941,0,1
0.851633,0.559638,1.36929,0.442786,1.49129,0.487644,0,1
0.691883,0.289838,1.70227,0.941507,1.85498,0.994944,0,1
1.26444,0.539081,-0.147297,0.360054,1.77058,0.500745,1,0.67
0.951634,0.763241,-0.740706,0.366914,1.69244,0.860859,1,0.67
0.515137,0.794881,-0.846813,0.0902177,1.02823,0.955939,1,0.67
0.0969631,0.643395,-0.144525,0.0833849,0.218931,0.66887,1,1
1.20235,0.119645,-0.208065,-0.464138,1.20945,0.84116,0,1
1.79525,0.298641,1.90916,0.224975,2.62249,0.263824,0,1
1.44621,0.530794,2.36277,0.316801,2.70537,0.396737,0,1
1.04891,0.536646,2.17982,0.554873,2.19578,0.632443,0,1
0.674978,0.397227,1.47484,0.479899,1.47485,0.480319,0,1
0.821458,0.388076,1.21,0.95325,1.72507,0.953399,0,1
1.29537,0.622197,-0.944442,0.156623,1.90336,0.540189,1,0.67
0.835486,0.797204,-1.31978,0.00116004,1.73747,0.884241,1,0.67
0.40429,0.870811,-0.978822,-0.29005,0.999943,0.95652,1,0.67
0.0632328,0.692964,-0.177678,-0.185642,0.199659,0.665737,0,0.67
1.03271,0.220223,0.354011,-0.656132,1.08826,0.831409,0,1
1.52712,0.126394,2.49639,0.149447,2.67198,0.224007,0,1
1.20195,0.344987,2.70232,0.386583,2.71519,0.402355,0,1
0.899193,0.375053,2.10256,0.618723,2.20021,0.621058,0,1
0.641932,0.320247,1.32449,0.429049,1.44655,0.463227,0,1
0.837993,0.519876,0.532708,0.790466,1.58488,0.867771,1,0.67
1.14724,0.626215,-1.55081,-0.0810276,1.9742,0.604714,1,0.67
0.676931,0.737153,-1.66473,-0.361753,1.74232,0.907575,1,0.67
0.335797,0.835638,-0.977908,-0.621782,1.00275,0.947091,1,0.67
0.0342534,0.636121,-0.179499,-0.415803,0.179898,0.650836,0,0.67
0.834936,0.281634,0.832353,-0.734605,1.07639,0.770618,0,1
1.22838,0.223053,2.6419,0.0589102,2.643,0.177719,0,1
1.1002,0.356947,2.55353,0.390254,2.6878,0.391756,0,1
0.993101,0.350572,1.61228,0.558609,2.16865,0.59734,0,1
0.7615,0.424555,0.918951,0.287756,1.42247,0.445782,0,1
0.708116,0.579294,-0.266855,0.484923,1.51634,0.795019,1,0.67
0.873586,0.521897,-1.88561,-0.311221,1.97254,0.654801,1,0.67
0.580273,0.576658,-1.7245,-0.673188,1.73294,0.926641,1,0.67
0.405577,0.689096,-0.739669,-0.837655,0.959857,0.920085,0,0.67
0.07829,0.507471,-0.155672,-0.578196,0.176802,0.638125,0,0.67
0.743025,0.285384,1.16389,-0.678393,1.18266,0.683861,0,1
1.1328,0.391615,2.30908,-0.0432762,2.55547,0.145766,0,1
1.24575,0.540997,1.9544,0.324411,2.6557,0.368238,0,1
1.20777,0.484002,0.877306,0.410758,2.17644,0.596413,0,1
0.904587,0.572044,0.375553,0.108892,1.42095,0.453407,0,1
0.487197,0.561157,-0.985262,0.0916568,1.56307,0.794149,1,0.67
0.680436,0.358355,-1.88428,-0.481398,1.89237,0.650692,1,0.67
0.676379,0.430202,-1.45122,-0.852025,1.67973,0.908611,1,0.67
0.528752,0.527967,-0.413286,-0.905878,0.982278,0.906195,0,1
0.123146,0.367896,-0.101812,-0.641936,0.189004,0.642005,0,0.67
0.861083,0.255969,1.30018,-0.508357,1.33147,0.639599,0,1
1.354,0.524628,1.56117,-0.147747,2.46757,0.170553,0,1
1.49051,0.71492,0.998367,0.20302,2.60782,0.347246,0,1
1.41769,0.652407,-0.0460804,0.187867,2.17183,0.602879,1,0.67
1.02729,0.691341,-0.276445,-0.099388,1.43127,0.470133,1,0.67
0.365908,0.494073,-1.56287,-0.317444,1.7256,0.867139,1,0.67
0.74918,0.262296,-1.55139,-0.56353,1.78325,0.605725,1,0.67
0.812213,0.437075,-0.929459,-0.884268,1.63421,0.886372,1,0.67
0.587608,0.469936,0.000565668,-0.810799,0.999577,0.914653,0,1
0.137984,0.349534,-0.0224061,-0.5808,0.207008,0.647798,0,0.67
1.07818,0.18064,1.16734,-0.246101,1.38575,0.674827,0,1
1.65909,0.553871,0.53625,-0.218698,2.4518,0.21894,0,1
1.69411,0.79773,-0.117343,0.0460157,2.61378,0.335861,1,0.67
1.48215,0.747654,-0.960953,-0.0760637,2.19798,0.627623,1,0.67
1.02715,0.707731,-0.829056,-0.283237,1.45906,0.488999,1,0.67
0.432874,0.372623,-1.85956,-0.678791,1.86282,0.963214,1,0.67
1.02083,0.347422,-0.930507,-0.548579,1.71319,0.549257,1,0.67
0.962629,0.595494,-0.217334,-0.746936,1.64468,0.858935,0,1
0.615804,0.592976,0.430273,-0.566007,1.03949,0.937896,0,1
0.141816,0.477247,0.0409928,-0.419428,0.220807,0.664568,0,0.67
1.21272,0.0852315,0.852921,0.067884,1.35314,0.76384,0,1
1.82953,0.482391,-0.609716,-0.263318,2.5142,0.270791,1,0.67
1.67909,0.740647,-1.21991,-0.112714,2.62466,0.346864,1,0.67
1.34192,0.707926,-1.71662,-0.326199,2.21722,0.641516,1,0.67
0.890477,0.605828,-1.26389,-0.418354,1.4798,0.495298,1,0.67
0.664762,0.288012,-1.82419,-0.910251,1.9042,1.00917,1,0.67
1.27125,0.51263,-0.122451,-0.419058,1.75411,0.498661,0,1
1.01117,0.758219,0.495762,-0.488429,1.6881,0.863342,0,1
0.571333,0.765376,0.791166,-0.202817,1.0714,0.960161,0,0.67
0.117637,0.615107,0.0903109,-0.191476,0.20501,0.674227,0,0.67
1.21998,0.103598,0.386394,0.374086,1.23333,0.835736,0,1
1.81657,0.3369,-1.6368,-0.247421,2.62485,0.275421,1,0.67
1.53575,0.591359,-2.08106,-0.242117,2.64107,0.35306,1,0.67
1.12721,0.594944,-2.16193,-0.52057,2.24285,0.648851,1,0.67
0.738632,0.456593,-1.4255,-0.463328,1.43986,0.469527,1,0.67
0.813092,0.35069,-1.49075,-1.00292,1.84694,1.00997,1,0.67
1.34469,0.630934,0.715352,-0.215674,1.88581,0.517999,0,1
0.919005,0.815993,1.13008,-0.142368,1.7264,0.874105,0,1
0.450607,0.859385,1.01218,0.184009,1.07431,0.972687,0,0.67
0.0707546,0.677872,0.142636,0.0779641,0.187348,0.663116,0,0.67
1.09448,0.190343,-0.144034,0.605813,1.09603,0.852637,1,0.67
1.61828,0.162161,-2.37342,-0.190056,2.69815,0.248603,1,0.67
1.28731,0.396973,-2.56303,-0.330086,2.63621,0.3612,1,0.67
0.939142,0.435482,-2.22569,-0.616599,2.24852,0.636152,1,0.67
0.630162,0.325463,-1.36223,-0.43558,1.42155,0.45063,1,0.67
0.821624,0.460604,-0.852492,-0.892694,1.6689,0.922111,0,1
1.21695,0.634368,1.39076,0.01271,1.98176,0.58267,0,1
0.732028,0.762448,1.58592,0.241146,1.7513,0.901634,0,0.67
0.359673,0.842508,1.03864,0.527139,1.04028,0.963101,0,0.67
0.0521648,0.649942,0.160884,0.329239,0.162957,0.648186,1,1
0.89693,0.258023,-0.671684,0.723782,1.05294,0.800792,1,0.67
1.31206,0.165601,-2.66978,-0.0997566,2.68638,0.194982,1,0.67
1.10204,0.312851,-2.58618,-0.361992,2.62964,0.362111,1,0.67
0.919831,0.327413,-1.85561,-0.60384,2.20679,0.613201,1,0.67
0.688157,0.357653,-1.06433,-0.336441,1.42396,0.443517,1,0.67
0.745914,0.551075,-0.0583118,-0.626235,1.54099,0.824133,0,1
0.989927,0.560885,1.82312,0.235162,2.0073,0.630577,0,1
0.593748,0.631617,1.73952,0.571513,1.7411,0.91839,0,0.67
0.372107,0.739649,0.864616,0.781343,0.986305,0.931646,0,0.67
0.0757679,0.549119,0.158661,0.527317,0.171667,0.636831,1,1
0.749994,0.29908,-1.08421,0.708953,1.14768,0.709561,1,0.67
1.13585,0.351356,-2.47218,0.0150013,2.58413,0.143209,1,0.67
1.18651,0.472358,-2.17604,-0.335537,2.64524,0.356826,1,0.67
1.13432,0.425019,-1.17051,-0.486979,2.18561,0.59971,1,0.67
0.862688,0.519147,-0.573931,-0.177295,1.41703,0.442415,1,0.67
0.584799,0.583586,0.737688,-0.251768,1.5353,0.785171,0,1
0.734452,0.422387,1.95294,0.42687,1.95548,0.65568,0,1
0.625409,0.465085,1.5966,0.802512,1.71586,0.913714,0,1
0.489277,0.572743,0.54153,0.889235,0.981876,0.896774,1,0.67
0.107806,0.402433,0.11345,0.619943,0.186161,0.626069,1,1
0.811162,0.278324,-1.2763,0.571669,1.28073,0.643476,1,0.67
1.27297,0.496383,-1.83341,0.121746,2.46778,0.15676,1,0.67
1.41771,0.659841,-1.33978,-0.240685,2.6197,0.343872,1,0.67
1.35231,0.595748,-0.275643,-0.27548,2.17142,0.602441,1,0.67
1.00818,0.656078,0.0377617,0.0221168,1.42859,0.45857,0,1
0.39971,0.530422,1.40396,0.172556,1.68123,0.839354,0,0.67
0.698993,0.280994,1.69445,0.533859,1.81532,0.617052,0,1
0.784461,0.410863,1.17476,0.889466,1.68797,0.893841,0,1
0.598878,0.465477,0.140715,0.84587,0.997828,0.891972,1,0.67
0.13767,0.332783,0.0604461,0.602871,0.216121,0.633114,1,1
1.01007,0.210614,-1.25356,0.332853,1.38435,0.65444,1,0.67
1.57094,0.553425,-0.883567,0.206097,2.43087,0.208798,1,0.67
1.62958,0.770744,-0.268754,-0.105527,2.62195,0.333945,1,0.67
1.46508,0.714944,0.661042,-0.0227351,2.18969,0.61864,0,1
1.04562,0.703684,0.63775,0.206931,1.45224,0.468556,0,1
0.384868,0.416996,1.81014,0.56166,1.84291,0.934179,0,0.67
0.933261,0.295061,1.16749,0.555923,1.72814,0.561066,0,1
0.950037,0.53771,0.509349,0.819051,1.64532,0.8669,1,0.67
0.650936,0.542665,-0.298771,0.651243,1.03246,0.911005,1,0.67
0.159849,0.426635,-0.026054,0.481976,0.238407,0.651428,1,1
1.18195,0.116176,-1.02504,0.0280079,1.40721,0.728676,1,0.67
1.79442,0.522696,0.244597,0.255672,2.47704,0.257843,1,0.67
1.7037,0.775416,0.852392,0.0519324,2.62519,0.343423,0,1
1.41464,0.740356,1.47673,0.235858,2.19766,0.634665,0,1
0.963768,0.66232,1.12666,0.36943,1.46197,0.487144,0,1
0.556518,0.308942,1.88822,0.850827,1.91488,1.00892,0,1
1.19095,0.438806,0.426875,0.477846,1.7426,0.507823,1,0.67
1.0223,0.69717,-0.20129,0.608566,1.66639,0.854237,1,0.67
0.607141,0.707679,-0.679976,0.342667,1.05737,0.944823,1,0.67
0.123955,0.562933,-0.110121,0.271377,0.234561,0.667914,1,1
1.25306,0.0646554,-0.582395,-0.267101,1.31207,0.807506,1,0.67
1.85313,0.413906,1.30438,0.261215,2.57212,0.279056,0,1
1.59465,0.650349,1.85074,0.215161,2.66648,0.366249,0,1
1.212,0.644657,2.01557,0.450706,2.20046,0.638548,0,1
0.797079,0.523434,1.39599,0.457675,1.45091,0.480743,0,1
0.728122,0.304955,1.61329,0.983575,1.85214,1.01174,0,1
1.31839,0.573987,-0.386368,0.325721,1.8234,0.511092,1,0.67
0.960045,0.796853,-0.931863,0.276528,1.7122,0.865734,1,0.67
0.513312,0.841851,-0.93352,-0.0239564,1.05794,0.966373,1,0.67
0.0835711,0.658858,-0.174365,0.00221419,0.230885,0.669973,1,1
1.16358,0.153409,-0.0346245,-0.52056,1.15842,0.842723,0,1
1.70679,0.22785,2.1371,0.208147,2.64827,0.259011,0,1
1.36076,0.454556,2.51759,0.337402,2.71505,0.391652,0,1
0.980763,0.482278,2.1712,0.569337,2.17134,0.614965,0,1
0.654672,0.367347,1.43884,0.472903,1.45306,0.47479,0,1
0.818463,0.414494,1.05079,0.936914,1.71209,0.944534,0,1
1.28263,0.639484,-1.12026,0.118098,1.91543,0.558797,1,0.67
0.82482,0.797677,-1.48392,-0.102412,1.77591,0.897398,1,0.67
0.380188,0.866842,-1.02271,-0.392293,1.02691,0.958869,1,0.67
0.0557057,0.668936,-0.205452,-0.255498,0.219033,0.665264,0,0.67
0.970216,0.238341,0.525134,-0.676347,1.0745,0.805105,0,1
1.41379,0.125599,2.58466,0.127394,2.66137,0.218219,0,1
1.13621,0.313244,2.71106,0.395217,2.71237,0.401518,0,1
0.906268,0.346461,1.95873,0.597882,2.16956,0.598765,0,1
0.654645,0.327029,1.23497,0.397857,1.45889,0.460378,0,1
0.778782,0.529347,0.306138,0.724665,1.56055,0.85251,1,0.67
1.08857,0.607526,-1.6498,-0.121403,1.95285,0.610159,1,0.67
0.644743,0.697291,-1.75539,-0.469229,1.7847,0.92699,1,0.67
0.343432,0.800449,-0.922349,-0.69498,0.986023,0.93963,1,0.67
0.0528725,0.595302,-0.194291,-0.475839,0.196323,0.651984,0,0.67
0.780811,0.298779,0.983609,-0.712814,1.13108,0.72611,0,1
1.16817,0.30025,2.58264,0.0225711,2.61315,0.164741,0,1
1.14224,0.423937,2.4077,0.374625,2.66439,0.381241,0,1
1.06853,0.383603,1.37084,0.505036,2.15529,0.579841,0,1
0.791355,0.467068,0.770978,0.251004,1.41895,0.450554,0,1
0.644421,0.587456,-0.468452,0.385596,1.50927,0.792301,1,0.67
0.823602,0.494988,-1.91302,-0.350625,1.94583,0.64675,1,0.67
0.581432,0.532655,-1.71999,-0.757221,1.76431,0.94319,1,0.67
0.464062,0.638497,-0.684458,-0.876601,0.990374,0.919349,0,0.67
0.120534,0.457692,-0.144083,-0.604593,0.194812,0.636276,0,0.67
0.762292,0.295198,1.23772,-0.629848,1.23958,0.654755,0,1
1.18736,0.459653,2.11234,-0.077764,2.51172,0.145598,0,1
1.35369,0.617784,1.67543,0.283818,2.62529,0.350705,0,1
1.28899,0.544637,0.555185,0.33538,2.17274,0.592969,0,1
0.950844,0.618297,0.187838,0.0553692,1.42927,0.456278,0,1
0.452267,0.561155,-1.18928,-0.0270061,1.6165,0.816518,1,0.67
0.674319,0.333778,-1.82369,-0.508653,1.86548,0.642665,1,0.67
0.72616,0.41431,-1.35583,-0.898577,1.70084,0.925149,1,0.67
0.607574,0.493512,-0.303652,-0.901354,0.984601,0.911331,0,1
0.181417,0.350873,-0.0640987,-0.634981,0.208464,0.641972,0,0.67
0.905713,0.231703,1.30048,-0.43034,1.36838,0.641129,0,1
1.44316,0.544296,1.26169,-0.177678,2.43877,0.187878,0,1
1.55991,0.742654,0.651687,0.147999,2.60771,0.336379,0,1
1.39756,0.667665,-0.358753,0.0976882,2.18529,0.617184,1,0.67
1.01082,0.686758,-0.39638,-0.142412,1.43899,0.466861,1,0.67
0.357421,0.465142,-1.67919,-0.432769,1.76672,0.90102,1,0.67
0.8318,0.266372,-1.38024,-0.567652,1.75021,0.590218,1,0.67
0.912584,0.485416,-0.768527,-0.877925,1.67266,0.892827,0,1
0.673218,0.515342,0.133641,-0.754111,1.01632,0.920792,0,1
0.18011,0.396925,0.0185068,-0.53093,0.243327,0.6469,0,0.67
1.13168,0.153088,1.12492,-0.14348,1.40508,0.702585,0,1
1.75959,0.557148,0.181264,-0.24269,2.45125,0.243486,0,1
1.7218,0.794722,-0.479127,-0.00298269,2.61957,0.334707,1,0.67
1.461,0.747925,-1.23537,-0.15804,2.22001,0.631617,1,0.67
1.02597,0.69822,-0.961773,-0.320305,1.46157,0.48011,1,0.67
0.454134,0.354411,-1.87896,-0.761846,1.88148,0.98091,1,0.67
1.05766,0.37262,-0.720753,-0.535654,1.71587,0.543933,1,0.67
0.99326,0.643983,-0.0482982,-0.708006,1.65901,0.873569,0,1
0.637981,0.656256,0.552773,-0.472688,1.0507,0.943624,0,0.67
0.136447,0.520315,0.103338,-0.342453,0.256809,0.666144,0,0.67
1.26909,0.0676852,0.740635,0.162453,1.32804,0.786937,0,1
1.88541,0.471036,-0.959359,-0.265077,2.54665,0.27635,1,0.67
1.65044,0.703625,-1.54344,-0.170711,2.65177,0.359275,1,0.67
1.28563,0.6767,-1.87851,-0.379861,2.22348,0.635855,1,0.67
0.869417,0.577489,-1.31617,-0.427992,1.44651,0.474443,1,0.67
0.653894,0.285791,-1.75792,-0.955009,1.90119,1.01618,1,0.67
1.27555,0.538411,0.0836996,-0.39439,1.77203,0.513569,0,1
1.00725,0.782283,0.684205,-0.408775,1.68991,0.867848,0,1
0.570734,0.822574,0.853888,-0.10731,1.05251,0.963403,0,0.67
0.115673,0.647951,0.166074,-0.0893505,0.240067,0.670512,0,0.67
1.19879,0.11286,0.217419,0.434312,1.19386,0.833131,1,0.67
1.76579,0.285007,-1.90939,-0.242845,2.65835,0.277539,1,0.67
1.42221,0.508858,-2.28775,-0.282289,2.66199,0.367319,1,0.67
1.04224,0.524503,-2.18623,-0.542718,2.20836,0.628738,1,0.67
0.690814,0.404707,-1.433,-0.455471,1.43301,0.455717,1,0.67
0.799078,0.374806,-1.30233,-0.973077,1.78701,0.973097,1,0.67
1.3217,0.635416,0.884724,-0.178979,1.88197,0.535111,0,1
0.891064,0.831729,1.29644,-0.0301514,1.72956,0.886463,0,1
0.437549,0.891488,1.04967,0.294664,1.07598,0.978722,0,0.67
0.0608036,0.678066,0.196679,0.174592,0.218986,0.669823,0,0.67
1.05884,0.201711,-0.302978,0.653674,1.06317,0.844678,1,0.67
1.52005,0.125297,-2.51213,-0.180111,2.70765,0.241612,1,0.67
1.19621,0.339608,-2.64533,-0.359868,2.66322,0.376685,1,0.67
0.904971,0.378557,-2.10538,-0.607591,2.1929,0.611827,1,0.67
0.623305,0.309025,-1.2689,-0.397842,1.39851,0.436381,1,0.67
0.765632,0.464263,-0.622591,-0.831576,1.63004,0.894584,0,1
1.13997,0.607008,1.52513,0.0647249,1.97581,0.595439,0,1
0.697993,0.735335,1.64866,0.329095,1.74061,0.897425,0,0.67
0.34785,0.828301,1.0309,0.627741,1.04949,0.967531,0,0.67
0.0741218,0.614964,0.191607,0.402396,0.191607,0.646924,1,1
0.831249,0.262948,-0.798039,0.727745,1.05453,0.771783,1,0.67
1.22071,0.221743,-2.6827,-0.0854987,2.6827,0.176609,1,0.67
1.10777,0.358666,-2.50684,-0.363781,2.63156,0.364746,1,0.67
0.988249,0.341497,-1.65599,-0.567996,2.18788,0.596687,1,0.67
0.731395,0.400261,-0.901755,-0.274102,1.413,0.436469,1,0.67
0.711092,0.56565,0.16652,-0.536036,1.51756,0.807472,0,1
0.928669,0.54729,1.87484,0.284851,1.97709,0.636164,0,1
0.566771,0.60528,1.72862,0.655643,1.73426,0.921558,0,0.67
0.396787,0.694945,0.844938,0.852196,1.0252,0.945649,1,0.67
0.106767,0.492646,0.155484,0.558443,0.185692,0.621374,1,1
0.73328,0.287126,-1.16287,0.677786,1.18719,0.682585,1,0.67
1.15998,0.415226,-2.36282,0.0256978,2.57782,0.121893,1,0.67
1.29548,0.562847,-1.93416,-0.306536,2.61726,0.345624,1,0.67
1.22439,0.484133,-0.877767,-0.41108,2.17207,0.58663,1,0.67
0.904574,0.562608,-0.389743,-0.114537,1.43584,0.449959,1,0.67
0.531316,0.572196,0.936312,-0.135445,1.55756,0.787144,0,0.67
0.693671,0.388847,1.88233,0.457313,1.88679,0.634468,0,1
0.633762,0.438673,1.51897,0.855488,1.72177,0.922414,0,1
0.548865,0.529403,0.488582,0.922579,1.00229,0.922658,1,0.67
0.178788,0.362811,0.1024,0.62155,0.20535,0.621564,1,1
0.838938,0.252327,-1.31348,0.491179,1.33694,0.62484,1,0.67
1.36886,0.527715,-1.59695,0.130092,2.45487,0.148952,1,0.67
1.49943,0.706845,-0.994335,-0.194084,2.5956,0.336189,1,0.67
1.35076,0.603858,0.0518066,-0.186595,2.19117,0.605005,0,1
0.952103,0.639509,0.212863,0.0743351,1.42683,0.458885,0,1
0.374554,0.48433,1.52891,0.282093,1.71333,0.858835,0,0.67
0.755344,0.261416,1.56691,0.544458,1.78964,0.593897,0,1
0.852536,0.442967,1.01674,0.901464,1.66919,0.901855,0,1
0.683157,0.491529,0.0471482,0.824432,1.00825,0.914644,1,0.67
0.233388,0.379376,0.0224952,0.572643,0.219148,0.633726,1,1
1.02042,0.172956,-1.25228,0.2229,1.43395,0.668496,1,0.67
1.65905,0.563447,-0.573475,0.208639,2.42647,0.209149,1,0.67
1.6592,0.779562,0.115467,-0.0456143,2.60897,0.341805,0,1
1.40749,0.699356,0.945758,0.0604139,2.21252,0.631305,0,1
0.994605,0.678719,0.768951,0.249831,1.43559,0.465537,0,1
0.42205,0.381957,1.83026,0.646286,1.83592,0.947252,0,1
0.978302,0.318525,0.952346,0.543733,1.72558,0.543734,0,1
0.9618,0.580006,0.332399,0.79122,1.64341,0.879406,1,0.67
0.689348,0.608025,-0.398432,0.586411,1.04211,0.930864,1,0.67
0.175365,0.481701,-0.0814077,0.413035,0.247726,0.650454,1,1
1.22121,0.0940399,-0.924272,-0.0704756,1.37944,0.756856,1,0.67
1.86521,0.518965,0.566548,0.259765,2.48941,0.265656,0,1
1.68234,0.749423,1.22085,0.122485,2.64612,0.362241,0,1
1.32351,0.698821,1.67335,0.305085,2.20811,0.643227,0,1
0.898569,0.616696,1.18449,0.383809,1.41321,0.466311,0,1
0.579484,0.291039,1.80215,0.887646,1.87328,0.995476,0,1
1.19446,0.465967,0.204585,0.452232,1.76142,0.518048,1,0.67
1.00395,0.731429,-0.419835,0.528485,1.66862,0.861375,1,0.67
0.590512,0.756962,-0.77397,0.239274,1.07221,0.955305,1,0.67
0.11975,0.586021,-0.145917,0.189636,0.254344,0.664071,1,1
1.27821,0.0538146,-0.453408,-0.366811,1.25123,0.829496,1,0.67
1.86913,0.384863,1.6217,0.259407,2.61975,0.280708,0,1
1.53119,0.599284,2.11222,0.260232,2.69849,0.384646,0,1
1.12875,0.58998,2.11502,0.495265,2.20868,0.635802,0,1
0.757549,0.476588,1.39715,0.448334,1.41433,0.455849,0,1
0.710996,0.315944,1.47124,0.989002,1.81005,0.996886,0,1
1.2767,0.584407,-0.607281,0.269146,1.84424,0.529169,1,0.67
0.932493,0.814121,-1.07544,0.180377,1.70403,0.8731,1,0.67
0.473731,0.869586,-1.00053,-0.146371,1.06881,0.970872,1,0.67
0.0765573,0.663852,-0.206966,-0.085309,0.247699,0.66947,1,1
1.13874,0.154433,0.099901,-0.593012,1.10012,0.846083,0,1
1.63397,0.190157,2.35583,0.213144,2.70014,0.255565,0,1
1.25904,0.395249,2.61386,0.366147,2.70515,0.405066,0,1
0.939803,0.424227,2.15988,0.592814,2.18048,0.614905,0,1
0.627333,0.330805,1.33346,0.425514,1.3926,0.439644,0,1
0.772287,0.426416,0.882175,0.900464,1.6713,0.925873,1,0.67
1.22535,0.632133,-1.29045,0.042449,1.93367,0.574601,1,0.67
0.778166,0.793401,-1.54009,-0.199546,1.72915,0.895115,1,0.67
0.347738,0.877227,-1.03977,-0.510295,1.04058,0.972207,1,0.67
0.057554,0.644911,-0.235544,-0.33666,0.241472,0.666729,0,0.67
0.921802,0.232104,0.656762,-0.697299,1.05636,0.781355,0,1
1.31452,0.152847,2.69725,0.132992,2.7179,0.202131,0,1
1.1072,0.32714,2.65641,0.402249,2.68922,0.403765,0,1
0.946414,0.337049,1.81904,0.58712,2.16102,0.595238,0,1
0.680819,0.354342,1.06742,0.341618,1.42089,0.443797,0,1
0.744373,0.540589,0.107751,0.642424,1.5401,0.828555,1,0.67
1.01829,0.592082,-1.75063,-0.199106,1.95139,0.626326,1,0.67
0.598005,0.670325,-1.73359,-0.558131,1.73725,0.928682,1,0.67
0.345995,0.77232,-0.895396,-0.778465,1.00976,0.948146,1,0.67
0.0872582,0.552696,-0.207238,-0.531526,0.213805,0.656345,0,0.67
0.74806,0.286556,1.08857,-0.687362,1.16626,0.68851,0,1
1.12971,0.359072,2.51544,0.0215772,2.60786,0.141963,0,1
1.22744,0.505812,2.22602,0.365931,2.65031,0.381838,0,1
1.17176,0.439553,1.12391,0.464906,2.14943,0.579145,0,1
0.84223,0.510044,0.58955,0.18189,1.43382,0.450997,0,1
0.595248,0.582274,-0.660553,0.281753,1.51885,0.78587,1,0.67
0.757496,0.465692,-1.89489,-0.40296,1.89984,0.643853,1,0.67
0.57082,0.50115,-1.63087,-0.815712,1.73097,0.939612,1,0.67
0.468108,0.591889,-0.60557,-0.915758,0.99649,0.928603,0,0.67
0.14743,0.413736,-0.148339,-0.640429,0.202724,0.65096,0,0.67
0.781064,0.274539,1.29803,-0.558436,1.30027,0.624781,0,1
1.29155,0.518591,1.91386,-0.0942528,2.49829,0.1365,0,1
1.467,0.691683,1.37422,0.251803,2.60789,0.351171,0,1
1.34777,0.595633,0.261131,0.266124,2.17901,0.599506,1,0.67
0.956111,0.625637,-0.0239982,-0.0133332,1.44185,0.462432,1,0.67
0.409944,0.520184,-1.34254,-0.139651,1.64481,0.826059,1,0.67
0.678907,0.296624,-1.70147,-0.533133,1.80712,0.61977,1,0.67
0.745576,0.41098,-1.2062,-0.917164,1.68793,0.923301,1,0.67
0.62714,0.477249,-0.215065,-0.88999,1,0.925638,0,1
0.19556,0.346425,-0.0612229,-0.608132,0.213953,0.631803,0,0.67
0.973652,0.216216,1.29422,-0.322996,1.40639,0.632951,0,1
1.58029,0.582813,0.954482,-0.191022,2.42549,0.195002,0,1
1.64917,0.791687,0.29092,0.104147,2.60616,0.343661,0,1
1.42919,0.697014,-0.644537,0.0172126,2.20572,0.625139,1,0.67
0.993246,0.679389,-0.61172,-0.204253,1.46352,0.477915,1,0.67
0.379824,0.419534,-1.73259,-0.52291,1.76867,0.906277,1,0.67
0.867278,0.281574,-1.19578,-0.565569,1.72607,0.570795,1,0.67
0.909824,0.516632,-0.583126,-0.85685,1.66512,0.899557,0,1
0.668825,0.545894,0.240138,-0.694036,1.00716,0.926971,0,1
0.175198,0.43296,0.0421778,-0.482327,0.236937,0.64665,0,0.67
1.1788,0.131597,1.0584,-0.0321033,1.40252,0.717783,0,1
1.84662,0.568755,-0.159949,-0.238155,2.44595,0.24022,0,1
1.74317,0.801138,-0.855736,-0.0639183,2.64066,0.35664,1,0.67
1.40929,0.728919,-1.46956,-0.227345,2.22574,0.640549,1,0.67
0.961349,0.656589,-1.09742,-0.353906,1.46047,0.478633,1,0.67
0.518487,0.314891,-1.85832,-0.816573,1.88181,0.977299,1,0.67
1.10293,0.410193,-0.478302,-0.48753,1.71967,0.517883,0,1
0.977774,0.686713,0.139066,-0.642302,1.65951,0.884593,0,1
0.629762,0.719367,0.625574,-0.376789,1.02429,0.948638,0,0.67
0.148879,0.568963,0.132286,-0.268772,0.257145,0.663905,0,0.67
1.2607,0.052679,0.622019,0.264826,1.30002,0.805235,0,1
1.88105,0.442299,-1.26124,-0.26314,2.56179,0.278849,1,0.67
1.59445,0.662162,-1.83217,-0.218216,2.6839,0.384202,1,0.67
1.18694,0.625707,-2.01424,-0.437237,2.21868,0.641931,1,0.67
0.803765,0.513809,-1.37051,-0.433263,1.43749,0.459074,1,0.67
0.704797,0.297513,-1.64498,-0.963031,1.87331,0.992385,1,0.67
1.28171,0.569489,0.318451,-0.327638,1.8114,0.51371,0,1
0.980879,0.817721,0.839196,-0.309521,1.67833,0.877184,0,1
0.554293,0.872404,0.909506,0.0110951,1.04061,0.966311,0,0.67
0.11659,0.672345,0.213276,0.000930074,0.27032,0.674802,0,0.67
1.17263,0.131183,0.0755892,0.514522,1.14244,0.84206,1,0.67
1.7077,0.248789,-2.11762,-0.224156,2.65788,0.262288,1,0.67
1.35677,0.462242,-2.49205,-0.338129,2.70965,0.402162,1,0.67
0.981824,0.483203,-2.20402,-0.571952,2.20426,0.627895,1,0.67
0.668542,0.364906,-1.42794,-0.447219,1.43861,0.448393,1,0.67
0.808411,0.395467,-1.09461,-0.926079,1.74087,0.931164,1,0.67
1.27115,0.634541,1.06004,-0.112976,1.89682,0.547779,0,1
0.843358,0.830137,1.40682,0.0842865,1.72516,0.897296,0,1
0.402491,0.904681,1.03012,0.389955,1.03581,0.967487,0,0.67
0.0443355,0.671059,0.250976,0.27057,0.264092,0.679508,1,1
0.995685,0.210199,-0.496255,0.670118,1.05789,0.807708,1,0.67
1.4265,0.119212,-2.60321,-0.153106,2.6967,0.219526,1,0.67
1.13876,0.32043,-2.70197,-0.398443,2.70213,0.408881,1,0.67
0.911492,0.346176,-1.98151,-0.59662,2.16547,0.596627,1,0.67
0.6464,0.32113,-1.20726,-0.381455,1.42758,0.441267,1,0.67
0.775128,0.504211,-0.355589,-0.734508,1.59618,0.849107,0,1
1.08805,0.603484,1.61063,0.117479,1.94178,0.603295,0,1
0.654405,0.72522,1.70617,0.450816,1.74458,0.916426,0,0.67
0.326792,0.825337,0.95422,0.690867,1.0062,0.94338,0,0.67
0.0539448,0.5956,0.254018,0.492333,0.254201,0.671995,1,1
0.779617,0.267617,-0.957602,0.710029,1.11045,0.726167,1,0.67
1.15925,0.279226,-2.62564,-0.057735,2.64562,0.153079,1,0.67
1.1491,0.42393,-2.41293,-0.387686,2.65614,0.391749,1,0.67
1.09149,0.386988,-1.42932,-0.524964,2.16418,0.583039,1,0.67
0.798486,0.454896,-0.75823,-0.233724,1.4303,0.439895,1,0.67
0.654994,0.569506,0.420717,-0.410122,1.53818,0.785614,0,1
0.843513,0.503595,1.86631,0.330466,1.91166,0.627958,0,1
0.556297,0.560248,1.69658,0.737839,1.73041,0.925602,0,0.67
0.398992,0.654189,0.726834,0.881727,0.997859,0.928182,1,0.67
0.12024,0.450854,0.178779,0.609486,0.205504,0.644332,1,1
0.728634,0.269595,-1.24002,0.617217,1.24294,0.640914,1,0.67
1.17719,0.443767,-2.17719,0.036354,2.53865,0.112207,1,0.67
1.36179,0.614643,-1.70816,-0.308674,2.6146,0.362959,1,0.67
1.28935,0.532754,-0.586061,-0.352694,2.16478,0.588468,1,0.67
0.928959,0.591179,-0.189763,-0.0607304,1.4452,0.451571,1,0.67
0.46662,0.546129,1.15694,-0.00388553,1.62033,0.805164,0,0.67
0.679494,0.33437,1.81019,0.48416,1.8414,0.616927,0,1
0.668773,0.416241,1.39323,0.886977,1.69978,0.916093,0,1
0.553162,0.49417,0.370662,0.909654,0.982149,0.917239,1,0.67
0.179746,0.348135,0.104312,0.633919,0.198524,0.638063,1,1
0.873355,0.22678,-1.32485,0.420028,1.3877,0.624407,1,0.67
1.43886,0.543471,-1.32937,0.138734,2.44524,0.152238,1,0.67
1.56896,0.745141,-0.700732,-0.178416,2.60317,0.35156,1,0.67
1.39343,0.658958,0.348866,-0.116888,2.1989,0.621725,0,1
0.975765,0.655972,0.389979,0.120006,1.44361,0.462155,0,1
0.377866,0.445459,1.66387,0.395397,1.76643,0.87645,0,0.67
0.803624,0.259416,1.39166,0.539224,1.74291,0.562915,0,1
0.84508,0.464513,0.834601,0.883991,1.65666,0.895671,1,0.67
0.660509,0.503083,-0.0731904,0.773824,1.01325,0.922461,1,0.67
0.21124,0.400609,0.0271457,0.547706,0.215125,0.643655,1,1
1.07733,0.152112,-1.17304,0.130557,1.42864,0.685018,1,0.67
1.75072,0.569271,-0.248228,0.212028,2.43748,0.21205,1,0.67
1.71758,0.80676,0.448626,-0.00874038,2.61457,0.355853,0,1
1.43254,0.735133,1.21824,0.136383,2.22483,0.645413,0,1
0.990817,0.678529,0.939328,0.288709,1.44782,0.468755,0,1
0.466986,0.348939,1.8934,0.725319,1.89411,0.961948,0,1
1.02461,0.353318,0.744942,0.512422,1.71755,0.519715,0,1
0.945957,0.617693,0.144405,0.721234,1.64354,0.872398,1,0.67
0.639269,0.648173,-0.482778,0.49435,1.02135,0.938839,1,0.67
0.156944,0.523469,-0.0669827,0.351945,0.221418,0.651306,1,1
1.2444,0.0697144,-0.806586,-0.175716,1.3626,0.779767,1,0.67
1.897,0.495325,0.897725,0.25745,2.53284,0.264217,0,1
1.66037,0.728761,1.50789,0.162086,2.65762,0.378554,0,1
1.25969,0.68413,1.86794,0.38286,2.23318,0.666328,0,1
0.843741,0.571495,1.29079,0.40422,1.43289,0.463069,0,1
0.653759,0.284349,1.7517,0.926172,1.88459,0.995741,0,1
1.23166,0.506646,-0.0346387,0.384038,1.78876,0.500535,1,0.67
0.974474,0.764987,-0.60124,0.432619,1.65546,0.865429,1,0.67
0.580739,0.818283,-0.797752,0.135395,1.02239,0.957385,1,0.67
0.148876,0.65347,-0.151957,0.109833,0.233804,0.661296,1,1
1.21435,0.0971832,-0.318318,-0.452453,1.21061,0.845667,0,1
1.82001,0.340931,1.87421,0.249121,2.64717,0.27251,0,1
1.44477,0.549646,2.32109,0.30914,2.71441,0.411036,0,1
1.05045,0.54371,2.19187,0.543193,2.22099,0.647225,0,1
0.693119,0.413841,1.43613,0.450549,1.43642,0.452163,0,1
0.781613,0.355612,1.3036,0.954528,1.77478,0.955011,0,1
1.27354,0.601885,-0.809412,0.187965,1.87653,0.529866,1,0.67
0.876055,0.824753,-1.1968,0.0628746,1.68605,0.884162,1,0.67
0.437517,0.901778,-0.980739,-0.258475,1.01391,0.964548,1,0.67
0.0792317,0.697117,-0.196547,-0.165873,0.224166,0.668354,1,1
1.07922,0.184912,0.258826,-0.650851,1.06997,0.845146,0,1
1.55229,0.150572,2.51789,0.196911,2.72097,0.241025,0,1
1.19556,0.360912,2.70537,0.399945,2.7308,0.427828,0,1
0.912361,0.383637,2.1295,0.620281,2.20436,0.628854,0,1
0.647205,0.318767,1.29199,0.402751,1.41298,0.430581,0,1
0.789732,0.469676,0.632961,0.809531,1.63669,0.868959,1,0.67
1.13066,0.603088,-1.47018,-0.0503766,1.95491,0.597028,1,0.67
0.693735,0.755297,-1.57356,-0.307533,1.68291,0.897721,1,0.67
0.328925,0.858933,-0.998616,-0.60571,1.01403,0.96484,1,0.67
0.0377128,0.63752,-0.204344,-0.394041,0.204519,0.654767,0,0.67
0.852583,0.249553,0.741756,-0.735418,1.02611,0.782873,0,1
1.23251,0.196983,2.71249,0.118682,2.71263,0.189227,0,1
1.10991,0.3628,2.58308,0.410602,2.68286,0.410617,0,1
1.01352,0.355479,1.66942,0.581378,2.17293,0.605472,0,1
0.744624,0.40199,0.904078,0.278181,1.40265,0.427497,0,1
0.695524,0.546587,-0.151329,0.53303,1.53935,0.79828,1,0.67
0.905017,0.523537,-1.84224,-0.279271,1.96243,0.638674,1,0.67
0.56669,0.611547,-1.67163,-0.633266,1.67388,0.908779,1,0.67
0.358994,0.719196,-0.833284,-0.851947,1.00204,0.951905,0,0.67
0.0916385,0.506108,-0.166453,-0.567744,0.17921,0.642461,0,0.67
0.726488,0.276158,1.13955,-0.68475,1.17021,0.686612,0,1
1.13346,0.399655,2.43076,0.0093911,2.62559,0.133731,0,1
1.28468,0.559341,2.01633,0.352995,2.63803,0.385184,0,1
